BEGIN TRANSACTION;
CREATE TABLE "Account" (
	"Id" VARCHAR(255) NOT NULL, 
	"Name" VARCHAR(255), 
	PRIMARY KEY ("Id")
);
INSERT INTO "Account" VALUES('0015600000Sl5b1AAB','Harrison Household');
INSERT INTO "Account" VALUES('0015600000Sl5b2AAB','van Hoop Household');
INSERT INTO "Account" VALUES('0015600000Sl5eqAAB','Regenstein Household');
INSERT INTO "Account" VALUES('0015600000Sl5erAAB','Mendoza Household');
INSERT INTO "Account" VALUES('0015600000Sl5esAAB','Fernandez Household');
CREATE TABLE "Campaign" (
	"Id" VARCHAR(255) NOT NULL, 
	"IsActive" VARCHAR(255), 
	"Name" VARCHAR(255), 
	"Status" VARCHAR(255), 
	"StartDate" VARCHAR(255), 
	"EndDate" VARCHAR(255), 
	"Volunteer_Website_Time_Zone__c" VARCHAR(255), 
	PRIMARY KEY ("Id")
);
INSERT INTO "Campaign" VALUES('70156000002hjt6AAA','true','Dog Care at The Place for Pets','Planned','','','');
INSERT INTO "Campaign" VALUES('70156000002hjt7AAA','true','GC Product Webinar - Jan 7, 2002','Completed','2018-12-25','2018-12-25','');
INSERT INTO "Campaign" VALUES('70156000002hjt8AAA','true','User Conference - Jun 17-19, 2002','Planned','2019-06-04','2019-06-06','');
INSERT INTO "Campaign" VALUES('70156000002hjt9AAA','true','DM Campaign to Top Customers - Nov 12-23, 2001','Completed','2018-10-30','2018-11-10','');
INSERT INTO "Campaign" VALUES('70156000002hjtAAAQ','true','International Electrical Engineers Association Trade Show - Mar 4-5, 2002','Planned','2019-02-19','2019-02-20','');
INSERT INTO "Campaign" VALUES('70156000002hjtBAAQ','true','2nd Annual Aziz''s Chili Cookoff','Planned','2020-08-29','2020-08-29','');
CREATE TABLE "Contact" (
	"Id" VARCHAR(255) NOT NULL, 
	"FirstName" VARCHAR(255), 
	"LastName" VARCHAR(255), 
	"Email" VARCHAR(255), 
	"Volunteer_Auto_Reminder_Email_Opt_Out__c" VARCHAR(255), 
	"Volunteer_Availability__c" VARCHAR(255), 
	"Volunteer_Last_Web_Signup_Date__c" VARCHAR(255), 
	"Volunteer_Manager_Notes__c" VARCHAR(255), 
	"Volunteer_Notes__c" VARCHAR(255), 
	"Volunteer_Organization__c" VARCHAR(255), 
	"Volunteer_Skills__c" VARCHAR(255), 
	"Volunteer_Status__c" VARCHAR(255), 
	"AccountId" VARCHAR(255), 
	PRIMARY KEY ("Id")
);
INSERT INTO "Contact" VALUES('0035600000TclMxAAJ','Elizabeth','Mendoza','elizabeth@example.com','false','','','','','','','Active','0015600000Sl5erAAB');
INSERT INTO "Contact" VALUES('0035600000TclMyAAJ','Jacob','van Hoop','jacob@example.com','false','','','','','','','Active','0015600000Sl5b2AAB');
INSERT INTO "Contact" VALUES('0035600000TclMzAAJ','Catherine','Harrison','catherine@example.com','false','','','','','','','Active','0015600000Sl5b1AAB');
INSERT INTO "Contact" VALUES('0035600000TclN0AAJ','Tamara','Harrison','tamara@example.com','false','','','','','','Fundraising;Event Planning','Active','0015600000Sl5b1AAB');
INSERT INTO "Contact" VALUES('0035600000TclN1AAJ','Hiroko','Fernandez','hiroko@example.com','false','','','','','','','Active','0015600000Sl5esAAB');
INSERT INTO "Contact" VALUES('0035600000TclN2AAJ','Michael','Fernandez','michael@example.com','false','','','','','','','Active','0015600000Sl5esAAB');
INSERT INTO "Contact" VALUES('0035600000TclN3AAJ','Aziz','Regenstein','aziz@example.com','false','','','','','','','Active','0015600000Sl5eqAAB');
CREATE TABLE "Job_Recurrence_Schedule__c" (
	"Id" VARCHAR(255) NOT NULL, 
	"Days_of_Week__c" VARCHAR(255), 
	"Description__c" VARCHAR(255), 
	"Desired_Number_of_Volunteers__c" VARCHAR(255), 
	"Duration__c" VARCHAR(255), 
	"Schedule_End_Date__c" VARCHAR(255), 
	"Schedule_Start_Date_Time__c" VARCHAR(255), 
	"Weekly_Occurrence__c" VARCHAR(255), 
	"Volunteer_Job__c" VARCHAR(255), 
	PRIMARY KEY ("Id")
);
INSERT INTO "Job_Recurrence_Schedule__c" VALUES('a0056000004bMNSAA2','Monday;Tuesday;Wednesday;Thursday;Friday','Take the puppers of The Place for Pets for a midday walk!','5.0','1.0','2021-07-31','2020-01-06T19:00:00.000Z','Every','a0356000003Krp9AAC');
INSERT INTO "Job_Recurrence_Schedule__c" VALUES('a0056000004bMNTAA2','Saturday','Keep the kennels of The Place for Pets clean and cozy for our adoptable dogs!','10.0','2.0','2021-08-01','2020-01-04T15:00:00.000Z','Every','a0356000003KrpAAAS');
CREATE TABLE "Volunteer_Hours__c" (
	"Id" VARCHAR(255) NOT NULL, 
	"Comments__c" VARCHAR(255), 
	"End_Date__c" VARCHAR(255), 
	"Hours_Worked__c" VARCHAR(255), 
	"Number_of_Volunteers__c" VARCHAR(255), 
	"Planned_Start_Date_Time__c" VARCHAR(255), 
	"Start_Date__c" VARCHAR(255), 
	"Status__c" VARCHAR(255), 
	"System_Note__c" VARCHAR(255), 
	"Contact__c" VARCHAR(255), 
	"Volunteer_Job__c" VARCHAR(255), 
	"Volunteer_Recurrence_Schedule__c" VARCHAR(255), 
	"Volunteer_Shift__c" VARCHAR(255), 
	PRIMARY KEY ("Id")
);
INSERT INTO "Volunteer_Hours__c" VALUES('a0256000004UmHKAA0','','2019-08-24','2.0','1.0','2019-08-24T17:00:00.000Z','2019-08-24','Confirmed','','0035600000TclMyAAJ','a0356000003KrpGAAS','','a055600000A06dDAAR');
INSERT INTO "Volunteer_Hours__c" VALUES('a0256000004UmHLAA0','','2019-08-24','2.0','1.0','2019-08-24T17:00:00.000Z','2019-08-24','Confirmed','','0035600000TclN2AAJ','a0356000003KrpGAAS','','a055600000A06dDAAR');
INSERT INTO "Volunteer_Hours__c" VALUES('a0256000004UmHMAA0','','2019-08-24','2.0','1.0','2019-08-24T17:00:00.000Z','2019-08-24','Confirmed','','0035600000TclN1AAJ','a0356000003KrpGAAS','','a055600000A06dDAAR');
INSERT INTO "Volunteer_Hours__c" VALUES('a0256000004UmHNAA0','','2019-08-24','5.0','1.0','2019-08-24T19:00:00.000Z','2019-08-24','Confirmed','','0035600000TclN3AAJ','a0356000003KrpFAAS','','a055600000A06dCAAR');
CREATE TABLE "Volunteer_Job__c" (
	"Id" VARCHAR(255) NOT NULL, 
	"Description__c" VARCHAR(255), 
	"Display_on_Website__c" VARCHAR(255), 
	"External_Signup_Url__c" VARCHAR(255), 
	"Inactive__c" VARCHAR(255), 
	"Location_City__c" VARCHAR(255), 
	"Location_Information__c" VARCHAR(255), 
	"Location_Street__c" VARCHAR(255), 
	"Location_Zip_Postal_Code__c" VARCHAR(255), 
	"Location__c" VARCHAR(255), 
	"Name" VARCHAR(255), 
	"Ongoing__c" VARCHAR(255), 
	"Skills_Needed__c" VARCHAR(255), 
	"Volunteer_Website_Time_Zone__c" VARCHAR(255), 
	"Campaign__c" VARCHAR(255), 
	PRIMARY KEY ("Id")
);
INSERT INTO "Volunteer_Job__c" VALUES('a0356000003Krp9AAC','<p>Take the puppers of The Place for Pets for a midday walk!</p>','true','','false','','','','','','Lunchtime Dog Walking','false','','','70156000002hjt6AAA');
INSERT INTO "Volunteer_Job__c" VALUES('a0356000003KrpAAAS','<p>Keep the kennels of The Place for Pets clean and cozy for our adoptable dogs!</p>','true','','false','','','','','','Weekly Kennel Cleaning','false','Manual Labor','','70156000002hjt6AAA');
INSERT INTO "Volunteer_Job__c" VALUES('a0356000003KrpBAAS','<p>Help us get our puppies ready for their new forever homes with socialization, snuggles, and positive reinforcement.</p>','false','','false','','','','','','Puppy Playtime','false','','','70156000002hjt6AAA');
INSERT INTO "Volunteer_Job__c" VALUES('a0356000003KrpCAAS','','true','','false','','','','','','Foster Care for Small Dogs','false','','','70156000002hjt6AAA');
INSERT INTO "Volunteer_Job__c" VALUES('a0356000003KrpDAAS','','true','','false','','','','','','Foster Care for Large Dogs','false','','','70156000002hjt6AAA');
INSERT INTO "Volunteer_Job__c" VALUES('a0356000003KrpEAAS','<p>Spread the word about the 2nd Annual Aziz&#39;s Chili Cookoff, and help us make this year&#39;s event our biggest and best yet!</p>','true','','false','','','','','','Distribute Flyers for the Chili Cookoff','false','Marketing','','70156000002hjtBAAQ');
INSERT INTO "Volunteer_Job__c" VALUES('a0356000003KrpFAAS','<p>Feed all the animal lovers at our 2nd Annual Aziz&#39;s Chili Cookoff, and get the chance to win chili glory!</p>','false','','false','','','','','','Chili Cooks','false','','','70156000002hjtBAAQ');
INSERT INTO "Volunteer_Job__c" VALUES('a0356000003KrpGAAS','<p>Help prepare for our chili cookoff and get free entry to the day!</p>','true','','false','','','','','','Setup Crew','false','Manual Labor','','70156000002hjtBAAQ');
INSERT INTO "Volunteer_Job__c" VALUES('a0356000003KrpHAAS','<p>Who made the best chili of the 2nd Annual Aziz&#39;s Chili Cookoff? You get to help us decide as one of our esteemed judges!</p>','false','','false','','','','','','Chili Judges','false','','','70156000002hjtBAAQ');
INSERT INTO "Volunteer_Job__c" VALUES('a0356000003KrpIAAS','<p>Enjoy fun treats while helping us break down after a rockin&#39; chili cookoff!</p>','true','','false','','','','','','Cleanup Crew','false','Manual Labor','','70156000002hjtBAAQ');
INSERT INTO "Volunteer_Job__c" VALUES('a0356000003KrpJAAS','','true','','false','','','','','','Recruit Chili Cooks','false','','','70156000002hjtBAAQ');
INSERT INTO "Volunteer_Job__c" VALUES('a0356000003KrpKAAS','','true','','false','','','','','','Quality Entertainment','false','','','70156000002hjtBAAQ');
CREATE TABLE "Volunteer_Recurrence_Schedule__c" (
	"Id" VARCHAR(255) NOT NULL, 
	"Comments__c" VARCHAR(255), 
	"Days_of_Week__c" VARCHAR(255), 
	"Duration__c" VARCHAR(255), 
	"Number_of_Volunteers__c" VARCHAR(255), 
	"Schedule_End_Date__c" VARCHAR(255), 
	"Schedule_Start_Date_Time__c" VARCHAR(255), 
	"Volunteer_Hours_Status__c" VARCHAR(255), 
	"Weekly_Occurrence__c" VARCHAR(255), 
	"Contact__c" VARCHAR(255), 
	"Volunteer_Job__c" VARCHAR(255), 
	PRIMARY KEY ("Id")
);
CREATE TABLE "Volunteer_Shift__c" (
	"Id" VARCHAR(255) NOT NULL, 
	"Description__c" VARCHAR(255), 
	"Desired_Number_of_Volunteers__c" VARCHAR(255), 
	"Duration__c" VARCHAR(255), 
	"Start_Date_Time__c" VARCHAR(255), 
	"System_Note__c" VARCHAR(255), 
	"Total_Volunteers__c" VARCHAR(255), 
	"Job_Recurrence_Schedule__c" VARCHAR(255), 
	"Volunteer_Job__c" VARCHAR(255), 
	PRIMARY KEY ("Id")
);
INSERT INTO "Volunteer_Shift__c" VALUES('a055600000A06WgAAJ','Take the puppers of The Place for Pets for a midday walk!','5.0','1.0','2020-06-03T18:00:00.000Z','Auto-created for Job Recurrence Schedule: JRS-00000.','','a0056000004bMNSAA2','a0356000003Krp9AAC');
INSERT INTO "Volunteer_Shift__c" VALUES('a055600000A06WhAAJ','Take the puppers of The Place for Pets for a midday walk!','5.0','1.0','2020-06-04T18:00:00.000Z','Auto-created for Job Recurrence Schedule: JRS-00000.','','a0056000004bMNSAA2','a0356000003Krp9AAC');
INSERT INTO "Volunteer_Shift__c" VALUES('a055600000A06WiAAJ','Take the puppers of The Place for Pets for a midday walk!','5.0','1.0','2020-06-05T18:00:00.000Z','Auto-created for Job Recurrence Schedule: JRS-00000.','','a0056000004bMNSAA2','a0356000003Krp9AAC');
INSERT INTO "Volunteer_Shift__c" VALUES('a055600000A06WjAAJ','Take the puppers of The Place for Pets for a midday walk!','5.0','1.0','2020-06-08T18:00:00.000Z','Auto-created for Job Recurrence Schedule: JRS-00000.','','a0056000004bMNSAA2','a0356000003Krp9AAC');
INSERT INTO "Volunteer_Shift__c" VALUES('a055600000A06WkAAJ','Take the puppers of The Place for Pets for a midday walk!','5.0','1.0','2020-06-09T18:00:00.000Z','Auto-created for Job Recurrence Schedule: JRS-00000.','','a0056000004bMNSAA2','a0356000003Krp9AAC');
INSERT INTO "Volunteer_Shift__c" VALUES('a055600000A06WlAAJ','Take the puppers of The Place for Pets for a midday walk!','5.0','1.0','2020-06-10T18:00:00.000Z','Auto-created for Job Recurrence Schedule: JRS-00000.','','a0056000004bMNSAA2','a0356000003Krp9AAC');
INSERT INTO "Volunteer_Shift__c" VALUES('a055600000A06WmAAJ','Take the puppers of The Place for Pets for a midday walk!','5.0','1.0','2020-06-11T18:00:00.000Z','Auto-created for Job Recurrence Schedule: JRS-00000.','','a0056000004bMNSAA2','a0356000003Krp9AAC');
INSERT INTO "Volunteer_Shift__c" VALUES('a055600000A06WnAAJ','Take the puppers of The Place for Pets for a midday walk!','5.0','1.0','2020-06-12T18:00:00.000Z','Auto-created for Job Recurrence Schedule: JRS-00000.','','a0056000004bMNSAA2','a0356000003Krp9AAC');
INSERT INTO "Volunteer_Shift__c" VALUES('a055600000A06WoAAJ','Take the puppers of The Place for Pets for a midday walk!','5.0','1.0','2020-06-15T18:00:00.000Z','Auto-created for Job Recurrence Schedule: JRS-00000.','','a0056000004bMNSAA2','a0356000003Krp9AAC');
INSERT INTO "Volunteer_Shift__c" VALUES('a055600000A06WpAAJ','Take the puppers of The Place for Pets for a midday walk!','5.0','1.0','2020-06-16T18:00:00.000Z','Auto-created for Job Recurrence Schedule: JRS-00000.','','a0056000004bMNSAA2','a0356000003Krp9AAC');
INSERT INTO "Volunteer_Shift__c" VALUES('a055600000A06WqAAJ','Take the puppers of The Place for Pets for a midday walk!','5.0','1.0','2020-06-17T18:00:00.000Z','Auto-created for Job Recurrence Schedule: JRS-00000.','','a0056000004bMNSAA2','a0356000003Krp9AAC');
INSERT INTO "Volunteer_Shift__c" VALUES('a055600000A06WrAAJ','Take the puppers of The Place for Pets for a midday walk!','5.0','1.0','2020-06-18T18:00:00.000Z','Auto-created for Job Recurrence Schedule: JRS-00000.','','a0056000004bMNSAA2','a0356000003Krp9AAC');
INSERT INTO "Volunteer_Shift__c" VALUES('a055600000A06WsAAJ','Take the puppers of The Place for Pets for a midday walk!','5.0','1.0','2020-06-19T18:00:00.000Z','Auto-created for Job Recurrence Schedule: JRS-00000.','','a0056000004bMNSAA2','a0356000003Krp9AAC');
INSERT INTO "Volunteer_Shift__c" VALUES('a055600000A06WtAAJ','Take the puppers of The Place for Pets for a midday walk!','5.0','1.0','2020-06-22T18:00:00.000Z','Auto-created for Job Recurrence Schedule: JRS-00000.','','a0056000004bMNSAA2','a0356000003Krp9AAC');
INSERT INTO "Volunteer_Shift__c" VALUES('a055600000A06WuAAJ','Take the puppers of The Place for Pets for a midday walk!','5.0','1.0','2020-06-23T18:00:00.000Z','Auto-created for Job Recurrence Schedule: JRS-00000.','','a0056000004bMNSAA2','a0356000003Krp9AAC');
INSERT INTO "Volunteer_Shift__c" VALUES('a055600000A06WvAAJ','Take the puppers of The Place for Pets for a midday walk!','5.0','1.0','2020-06-24T18:00:00.000Z','Auto-created for Job Recurrence Schedule: JRS-00000.','','a0056000004bMNSAA2','a0356000003Krp9AAC');
INSERT INTO "Volunteer_Shift__c" VALUES('a055600000A06WwAAJ','Take the puppers of The Place for Pets for a midday walk!','5.0','1.0','2020-06-25T18:00:00.000Z','Auto-created for Job Recurrence Schedule: JRS-00000.','','a0056000004bMNSAA2','a0356000003Krp9AAC');
INSERT INTO "Volunteer_Shift__c" VALUES('a055600000A06WxAAJ','Take the puppers of The Place for Pets for a midday walk!','5.0','1.0','2020-06-26T18:00:00.000Z','Auto-created for Job Recurrence Schedule: JRS-00000.','','a0056000004bMNSAA2','a0356000003Krp9AAC');
INSERT INTO "Volunteer_Shift__c" VALUES('a055600000A06WyAAJ','Take the puppers of The Place for Pets for a midday walk!','5.0','1.0','2020-06-29T18:00:00.000Z','Auto-created for Job Recurrence Schedule: JRS-00000.','','a0056000004bMNSAA2','a0356000003Krp9AAC');
INSERT INTO "Volunteer_Shift__c" VALUES('a055600000A06WzAAJ','Take the puppers of The Place for Pets for a midday walk!','5.0','1.0','2020-06-30T18:00:00.000Z','Auto-created for Job Recurrence Schedule: JRS-00000.','','a0056000004bMNSAA2','a0356000003Krp9AAC');
INSERT INTO "Volunteer_Shift__c" VALUES('a055600000A06X0AAJ','Take the puppers of The Place for Pets for a midday walk!','5.0','1.0','2020-07-01T18:00:00.000Z','Auto-created for Job Recurrence Schedule: JRS-00000.','','a0056000004bMNSAA2','a0356000003Krp9AAC');
INSERT INTO "Volunteer_Shift__c" VALUES('a055600000A06X1AAJ','Take the puppers of The Place for Pets for a midday walk!','5.0','1.0','2020-07-02T18:00:00.000Z','Auto-created for Job Recurrence Schedule: JRS-00000.','','a0056000004bMNSAA2','a0356000003Krp9AAC');
INSERT INTO "Volunteer_Shift__c" VALUES('a055600000A06bgAAB','Keep the kennels of The Place for Pets clean and cozy for our adoptable dogs!','10.0','2.0','2020-02-22T15:00:00.000Z','Auto-created for Job Recurrence Schedule: JRS-00001.','','a0056000004bMNTAA2','a0356000003KrpAAAS');
INSERT INTO "Volunteer_Shift__c" VALUES('a055600000A06bhAAB','Keep the kennels of The Place for Pets clean and cozy for our adoptable dogs!','10.0','2.0','2020-02-29T15:00:00.000Z','Auto-created for Job Recurrence Schedule: JRS-00001.','','a0056000004bMNTAA2','a0356000003KrpAAAS');
INSERT INTO "Volunteer_Shift__c" VALUES('a055600000A06biAAB','Keep the kennels of The Place for Pets clean and cozy for our adoptable dogs!','10.0','2.0','2020-03-07T15:00:00.000Z','Auto-created for Job Recurrence Schedule: JRS-00001.','','a0056000004bMNTAA2','a0356000003KrpAAAS');
INSERT INTO "Volunteer_Shift__c" VALUES('a055600000A06bjAAB','Keep the kennels of The Place for Pets clean and cozy for our adoptable dogs!','10.0','2.0','2020-03-14T14:00:00.000Z','Auto-created for Job Recurrence Schedule: JRS-00001.','','a0056000004bMNTAA2','a0356000003KrpAAAS');
INSERT INTO "Volunteer_Shift__c" VALUES('a055600000A06bkAAB','Keep the kennels of The Place for Pets clean and cozy for our adoptable dogs!','10.0','2.0','2020-03-21T14:00:00.000Z','Auto-created for Job Recurrence Schedule: JRS-00001.','','a0056000004bMNTAA2','a0356000003KrpAAAS');
INSERT INTO "Volunteer_Shift__c" VALUES('a055600000A06blAAB','Keep the kennels of The Place for Pets clean and cozy for our adoptable dogs!','10.0','2.0','2020-03-28T14:00:00.000Z','Auto-created for Job Recurrence Schedule: JRS-00001.','','a0056000004bMNTAA2','a0356000003KrpAAAS');
INSERT INTO "Volunteer_Shift__c" VALUES('a055600000A06bmAAB','Keep the kennels of The Place for Pets clean and cozy for our adoptable dogs!','10.0','2.0','2020-04-04T14:00:00.000Z','Auto-created for Job Recurrence Schedule: JRS-00001.','','a0056000004bMNTAA2','a0356000003KrpAAAS');
INSERT INTO "Volunteer_Shift__c" VALUES('a055600000A06bnAAB','Keep the kennels of The Place for Pets clean and cozy for our adoptable dogs!','10.0','2.0','2020-04-11T14:00:00.000Z','Auto-created for Job Recurrence Schedule: JRS-00001.','','a0056000004bMNTAA2','a0356000003KrpAAAS');
INSERT INTO "Volunteer_Shift__c" VALUES('a055600000A06boAAB','Keep the kennels of The Place for Pets clean and cozy for our adoptable dogs!','10.0','2.0','2020-04-18T14:00:00.000Z','Auto-created for Job Recurrence Schedule: JRS-00001.','','a0056000004bMNTAA2','a0356000003KrpAAAS');
INSERT INTO "Volunteer_Shift__c" VALUES('a055600000A06bpAAB','Keep the kennels of The Place for Pets clean and cozy for our adoptable dogs!','10.0','2.0','2020-04-25T14:00:00.000Z','Auto-created for Job Recurrence Schedule: JRS-00001.','','a0056000004bMNTAA2','a0356000003KrpAAAS');
INSERT INTO "Volunteer_Shift__c" VALUES('a055600000A06bqAAB','Keep the kennels of The Place for Pets clean and cozy for our adoptable dogs!','10.0','2.0','2020-05-02T14:00:00.000Z','Auto-created for Job Recurrence Schedule: JRS-00001.','','a0056000004bMNTAA2','a0356000003KrpAAAS');
INSERT INTO "Volunteer_Shift__c" VALUES('a055600000A06brAAB','Keep the kennels of The Place for Pets clean and cozy for our adoptable dogs!','10.0','2.0','2020-05-09T14:00:00.000Z','Auto-created for Job Recurrence Schedule: JRS-00001.','','a0056000004bMNTAA2','a0356000003KrpAAAS');
INSERT INTO "Volunteer_Shift__c" VALUES('a055600000A06bsAAB','Keep the kennels of The Place for Pets clean and cozy for our adoptable dogs!','10.0','2.0','2020-05-16T14:00:00.000Z','Auto-created for Job Recurrence Schedule: JRS-00001.','','a0056000004bMNTAA2','a0356000003KrpAAAS');
INSERT INTO "Volunteer_Shift__c" VALUES('a055600000A06btAAB','Keep the kennels of The Place for Pets clean and cozy for our adoptable dogs!','10.0','2.0','2020-05-23T14:00:00.000Z','Auto-created for Job Recurrence Schedule: JRS-00001.','','a0056000004bMNTAA2','a0356000003KrpAAAS');
INSERT INTO "Volunteer_Shift__c" VALUES('a055600000A06buAAB','Keep the kennels of The Place for Pets clean and cozy for our adoptable dogs!','10.0','2.0','2020-05-30T14:00:00.000Z','Auto-created for Job Recurrence Schedule: JRS-00001.','','a0056000004bMNTAA2','a0356000003KrpAAAS');
INSERT INTO "Volunteer_Shift__c" VALUES('a055600000A06bvAAB','Keep the kennels of The Place for Pets clean and cozy for our adoptable dogs!','10.0','2.0','2020-06-06T14:00:00.000Z','Auto-created for Job Recurrence Schedule: JRS-00001.','','a0056000004bMNTAA2','a0356000003KrpAAAS');
INSERT INTO "Volunteer_Shift__c" VALUES('a055600000A06bwAAB','Keep the kennels of The Place for Pets clean and cozy for our adoptable dogs!','10.0','2.0','2020-06-13T14:00:00.000Z','Auto-created for Job Recurrence Schedule: JRS-00001.','','a0056000004bMNTAA2','a0356000003KrpAAAS');
INSERT INTO "Volunteer_Shift__c" VALUES('a055600000A06bxAAB','Keep the kennels of The Place for Pets clean and cozy for our adoptable dogs!','10.0','2.0','2020-06-20T14:00:00.000Z','Auto-created for Job Recurrence Schedule: JRS-00001.','','a0056000004bMNTAA2','a0356000003KrpAAAS');
INSERT INTO "Volunteer_Shift__c" VALUES('a055600000A06byAAB','Keep the kennels of The Place for Pets clean and cozy for our adoptable dogs!','10.0','2.0','2020-06-27T14:00:00.000Z','Auto-created for Job Recurrence Schedule: JRS-00001.','','a0056000004bMNTAA2','a0356000003KrpAAAS');
INSERT INTO "Volunteer_Shift__c" VALUES('a055600000A06bzAAB','Keep the kennels of The Place for Pets clean and cozy for our adoptable dogs!','10.0','2.0','2020-07-04T14:00:00.000Z','Auto-created for Job Recurrence Schedule: JRS-00001.','','a0056000004bMNTAA2','a0356000003KrpAAAS');
INSERT INTO "Volunteer_Shift__c" VALUES('a055600000A06c0AAB','Keep the kennels of The Place for Pets clean and cozy for our adoptable dogs!','10.0','2.0','2020-07-11T14:00:00.000Z','Auto-created for Job Recurrence Schedule: JRS-00001.','','a0056000004bMNTAA2','a0356000003KrpAAAS');
INSERT INTO "Volunteer_Shift__c" VALUES('a055600000A06X2AAJ','Take the puppers of The Place for Pets for a midday walk!','5.0','1.0','2020-07-03T18:00:00.000Z','Auto-created for Job Recurrence Schedule: JRS-00000.','','a0056000004bMNSAA2','a0356000003Krp9AAC');
INSERT INTO "Volunteer_Shift__c" VALUES('a055600000A06X3AAJ','Take the puppers of The Place for Pets for a midday walk!','5.0','1.0','2020-07-06T18:00:00.000Z','Auto-created for Job Recurrence Schedule: JRS-00000.','','a0056000004bMNSAA2','a0356000003Krp9AAC');
INSERT INTO "Volunteer_Shift__c" VALUES('a055600000A06X4AAJ','Take the puppers of The Place for Pets for a midday walk!','5.0','1.0','2020-07-07T18:00:00.000Z','Auto-created for Job Recurrence Schedule: JRS-00000.','','a0056000004bMNSAA2','a0356000003Krp9AAC');
INSERT INTO "Volunteer_Shift__c" VALUES('a055600000A06X5AAJ','Take the puppers of The Place for Pets for a midday walk!','5.0','1.0','2020-07-08T18:00:00.000Z','Auto-created for Job Recurrence Schedule: JRS-00000.','','a0056000004bMNSAA2','a0356000003Krp9AAC');
INSERT INTO "Volunteer_Shift__c" VALUES('a055600000A06X6AAJ','Take the puppers of The Place for Pets for a midday walk!','5.0','1.0','2020-07-09T18:00:00.000Z','Auto-created for Job Recurrence Schedule: JRS-00000.','','a0056000004bMNSAA2','a0356000003Krp9AAC');
INSERT INTO "Volunteer_Shift__c" VALUES('a055600000A06X7AAJ','Take the puppers of The Place for Pets for a midday walk!','5.0','1.0','2020-07-10T18:00:00.000Z','Auto-created for Job Recurrence Schedule: JRS-00000.','','a0056000004bMNSAA2','a0356000003Krp9AAC');
INSERT INTO "Volunteer_Shift__c" VALUES('a055600000A06X8AAJ','Take the puppers of The Place for Pets for a midday walk!','5.0','1.0','2020-07-13T18:00:00.000Z','Auto-created for Job Recurrence Schedule: JRS-00000.','','a0056000004bMNSAA2','a0356000003Krp9AAC');
INSERT INTO "Volunteer_Shift__c" VALUES('a055600000A06X9AAJ','Take the puppers of The Place for Pets for a midday walk!','5.0','1.0','2020-07-14T18:00:00.000Z','Auto-created for Job Recurrence Schedule: JRS-00000.','','a0056000004bMNSAA2','a0356000003Krp9AAC');
INSERT INTO "Volunteer_Shift__c" VALUES('a055600000A06XAAAZ','Take the puppers of The Place for Pets for a midday walk!','5.0','1.0','2020-07-15T18:00:00.000Z','Auto-created for Job Recurrence Schedule: JRS-00000.','','a0056000004bMNSAA2','a0356000003Krp9AAC');
INSERT INTO "Volunteer_Shift__c" VALUES('a055600000A06c1AAB','Keep the kennels of The Place for Pets clean and cozy for our adoptable dogs!','10.0','2.0','2020-07-18T14:00:00.000Z','Auto-created for Job Recurrence Schedule: JRS-00001.','','a0056000004bMNTAA2','a0356000003KrpAAAS');
INSERT INTO "Volunteer_Shift__c" VALUES('a055600000A06c2AAB','Keep the kennels of The Place for Pets clean and cozy for our adoptable dogs!','10.0','2.0','2020-07-25T14:00:00.000Z','Auto-created for Job Recurrence Schedule: JRS-00001.','','a0056000004bMNTAA2','a0356000003KrpAAAS');
INSERT INTO "Volunteer_Shift__c" VALUES('a055600000A06c3AAB','Keep the kennels of The Place for Pets clean and cozy for our adoptable dogs!','10.0','2.0','2020-08-01T14:00:00.000Z','Auto-created for Job Recurrence Schedule: JRS-00001.','','a0056000004bMNTAA2','a0356000003KrpAAAS');
INSERT INTO "Volunteer_Shift__c" VALUES('a055600000A06c4AAB','Keep the kennels of The Place for Pets clean and cozy for our adoptable dogs!','10.0','2.0','2020-08-08T14:00:00.000Z','Auto-created for Job Recurrence Schedule: JRS-00001.','','a0056000004bMNTAA2','a0356000003KrpAAAS');
INSERT INTO "Volunteer_Shift__c" VALUES('a055600000A06c5AAB','Keep the kennels of The Place for Pets clean and cozy for our adoptable dogs!','10.0','2.0','2020-08-15T14:00:00.000Z','Auto-created for Job Recurrence Schedule: JRS-00001.','','a0056000004bMNTAA2','a0356000003KrpAAAS');
INSERT INTO "Volunteer_Shift__c" VALUES('a055600000A06c6AAB','Keep the kennels of The Place for Pets clean and cozy for our adoptable dogs!','10.0','2.0','2020-08-22T14:00:00.000Z','Auto-created for Job Recurrence Schedule: JRS-00001.','','a0056000004bMNTAA2','a0356000003KrpAAAS');
INSERT INTO "Volunteer_Shift__c" VALUES('a055600000A06c7AAB','Keep the kennels of The Place for Pets clean and cozy for our adoptable dogs!','10.0','2.0','2020-08-29T14:00:00.000Z','Auto-created for Job Recurrence Schedule: JRS-00001.','','a0056000004bMNTAA2','a0356000003KrpAAAS');
INSERT INTO "Volunteer_Shift__c" VALUES('a055600000A06c8AAB','Keep the kennels of The Place for Pets clean and cozy for our adoptable dogs!','10.0','2.0','2020-09-05T14:00:00.000Z','Auto-created for Job Recurrence Schedule: JRS-00001.','','a0056000004bMNTAA2','a0356000003KrpAAAS');
INSERT INTO "Volunteer_Shift__c" VALUES('a055600000A06c9AAB','Keep the kennels of The Place for Pets clean and cozy for our adoptable dogs!','10.0','2.0','2020-09-12T14:00:00.000Z','Auto-created for Job Recurrence Schedule: JRS-00001.','','a0056000004bMNTAA2','a0356000003KrpAAAS');
INSERT INTO "Volunteer_Shift__c" VALUES('a055600000A06cAAAR','Keep the kennels of The Place for Pets clean and cozy for our adoptable dogs!','10.0','2.0','2020-09-19T14:00:00.000Z','Auto-created for Job Recurrence Schedule: JRS-00001.','','a0056000004bMNTAA2','a0356000003KrpAAAS');
INSERT INTO "Volunteer_Shift__c" VALUES('a055600000A06cBAAR','Keep the kennels of The Place for Pets clean and cozy for our adoptable dogs!','10.0','2.0','2020-09-26T14:00:00.000Z','Auto-created for Job Recurrence Schedule: JRS-00001.','','a0056000004bMNTAA2','a0356000003KrpAAAS');
INSERT INTO "Volunteer_Shift__c" VALUES('a055600000A06cCAAR','Keep the kennels of The Place for Pets clean and cozy for our adoptable dogs!','10.0','2.0','2020-10-03T14:00:00.000Z','Auto-created for Job Recurrence Schedule: JRS-00001.','','a0056000004bMNTAA2','a0356000003KrpAAAS');
INSERT INTO "Volunteer_Shift__c" VALUES('a055600000A06cDAAR','Keep the kennels of The Place for Pets clean and cozy for our adoptable dogs!','10.0','2.0','2020-10-10T14:00:00.000Z','Auto-created for Job Recurrence Schedule: JRS-00001.','','a0056000004bMNTAA2','a0356000003KrpAAAS');
INSERT INTO "Volunteer_Shift__c" VALUES('a055600000A06cEAAR','Keep the kennels of The Place for Pets clean and cozy for our adoptable dogs!','10.0','2.0','2020-10-17T14:00:00.000Z','Auto-created for Job Recurrence Schedule: JRS-00001.','','a0056000004bMNTAA2','a0356000003KrpAAAS');
INSERT INTO "Volunteer_Shift__c" VALUES('a055600000A06cFAAR','Keep the kennels of The Place for Pets clean and cozy for our adoptable dogs!','10.0','2.0','2020-10-24T14:00:00.000Z','Auto-created for Job Recurrence Schedule: JRS-00001.','','a0056000004bMNTAA2','a0356000003KrpAAAS');
INSERT INTO "Volunteer_Shift__c" VALUES('a055600000A06cGAAR','Keep the kennels of The Place for Pets clean and cozy for our adoptable dogs!','10.0','2.0','2020-10-31T14:00:00.000Z','Auto-created for Job Recurrence Schedule: JRS-00001.','','a0056000004bMNTAA2','a0356000003KrpAAAS');
INSERT INTO "Volunteer_Shift__c" VALUES('a055600000A06cHAAR','Keep the kennels of The Place for Pets clean and cozy for our adoptable dogs!','10.0','2.0','2020-11-07T15:00:00.000Z','Auto-created for Job Recurrence Schedule: JRS-00001.','','a0056000004bMNTAA2','a0356000003KrpAAAS');
INSERT INTO "Volunteer_Shift__c" VALUES('a055600000A06cIAAR','Keep the kennels of The Place for Pets clean and cozy for our adoptable dogs!','10.0','2.0','2020-11-14T15:00:00.000Z','Auto-created for Job Recurrence Schedule: JRS-00001.','','a0056000004bMNTAA2','a0356000003KrpAAAS');
INSERT INTO "Volunteer_Shift__c" VALUES('a055600000A06cJAAR','Keep the kennels of The Place for Pets clean and cozy for our adoptable dogs!','10.0','2.0','2020-11-21T15:00:00.000Z','Auto-created for Job Recurrence Schedule: JRS-00001.','','a0056000004bMNTAA2','a0356000003KrpAAAS');
INSERT INTO "Volunteer_Shift__c" VALUES('a055600000A06cKAAR','Keep the kennels of The Place for Pets clean and cozy for our adoptable dogs!','10.0','2.0','2020-11-28T15:00:00.000Z','Auto-created for Job Recurrence Schedule: JRS-00001.','','a0056000004bMNTAA2','a0356000003KrpAAAS');
INSERT INTO "Volunteer_Shift__c" VALUES('a055600000A06cLAAR','Keep the kennels of The Place for Pets clean and cozy for our adoptable dogs!','10.0','2.0','2020-12-05T15:00:00.000Z','Auto-created for Job Recurrence Schedule: JRS-00001.','','a0056000004bMNTAA2','a0356000003KrpAAAS');
INSERT INTO "Volunteer_Shift__c" VALUES('a055600000A06cMAAR','Keep the kennels of The Place for Pets clean and cozy for our adoptable dogs!','10.0','2.0','2020-12-12T15:00:00.000Z','Auto-created for Job Recurrence Schedule: JRS-00001.','','a0056000004bMNTAA2','a0356000003KrpAAAS');
INSERT INTO "Volunteer_Shift__c" VALUES('a055600000A06cNAAR','Keep the kennels of The Place for Pets clean and cozy for our adoptable dogs!','10.0','2.0','2020-12-19T15:00:00.000Z','Auto-created for Job Recurrence Schedule: JRS-00001.','','a0056000004bMNTAA2','a0356000003KrpAAAS');
INSERT INTO "Volunteer_Shift__c" VALUES('a055600000A06cOAAR','Keep the kennels of The Place for Pets clean and cozy for our adoptable dogs!','10.0','2.0','2020-12-26T15:00:00.000Z','Auto-created for Job Recurrence Schedule: JRS-00001.','','a0056000004bMNTAA2','a0356000003KrpAAAS');
INSERT INTO "Volunteer_Shift__c" VALUES('a055600000A06cPAAR','Keep the kennels of The Place for Pets clean and cozy for our adoptable dogs!','10.0','2.0','2021-01-02T15:00:00.000Z','Auto-created for Job Recurrence Schedule: JRS-00001.','','a0056000004bMNTAA2','a0356000003KrpAAAS');
INSERT INTO "Volunteer_Shift__c" VALUES('a055600000A06cQAAR','Keep the kennels of The Place for Pets clean and cozy for our adoptable dogs!','10.0','2.0','2021-01-09T15:00:00.000Z','Auto-created for Job Recurrence Schedule: JRS-00001.','','a0056000004bMNTAA2','a0356000003KrpAAAS');
INSERT INTO "Volunteer_Shift__c" VALUES('a055600000A06cRAAR','Keep the kennels of The Place for Pets clean and cozy for our adoptable dogs!','10.0','2.0','2021-01-16T15:00:00.000Z','Auto-created for Job Recurrence Schedule: JRS-00001.','','a0056000004bMNTAA2','a0356000003KrpAAAS');
INSERT INTO "Volunteer_Shift__c" VALUES('a055600000A06cSAAR','Keep the kennels of The Place for Pets clean and cozy for our adoptable dogs!','10.0','2.0','2021-01-23T15:00:00.000Z','Auto-created for Job Recurrence Schedule: JRS-00001.','','a0056000004bMNTAA2','a0356000003KrpAAAS');
INSERT INTO "Volunteer_Shift__c" VALUES('a055600000A06cTAAR','Keep the kennels of The Place for Pets clean and cozy for our adoptable dogs!','10.0','2.0','2021-01-30T15:00:00.000Z','Auto-created for Job Recurrence Schedule: JRS-00001.','','a0056000004bMNTAA2','a0356000003KrpAAAS');
INSERT INTO "Volunteer_Shift__c" VALUES('a055600000A06cUAAR','Keep the kennels of The Place for Pets clean and cozy for our adoptable dogs!','10.0','2.0','2021-02-06T15:00:00.000Z','Auto-created for Job Recurrence Schedule: JRS-00001.','','a0056000004bMNTAA2','a0356000003KrpAAAS');
INSERT INTO "Volunteer_Shift__c" VALUES('a055600000A06cVAAR','Keep the kennels of The Place for Pets clean and cozy for our adoptable dogs!','10.0','2.0','2021-02-13T15:00:00.000Z','Auto-created for Job Recurrence Schedule: JRS-00001.','','a0056000004bMNTAA2','a0356000003KrpAAAS');
INSERT INTO "Volunteer_Shift__c" VALUES('a055600000A06cWAAR','Keep the kennels of The Place for Pets clean and cozy for our adoptable dogs!','10.0','2.0','2021-02-20T15:00:00.000Z','Auto-created for Job Recurrence Schedule: JRS-00001.','','a0056000004bMNTAA2','a0356000003KrpAAAS');
INSERT INTO "Volunteer_Shift__c" VALUES('a055600000A06cXAAR','Keep the kennels of The Place for Pets clean and cozy for our adoptable dogs!','10.0','2.0','2021-02-27T15:00:00.000Z','Auto-created for Job Recurrence Schedule: JRS-00001.','','a0056000004bMNTAA2','a0356000003KrpAAAS');
INSERT INTO "Volunteer_Shift__c" VALUES('a055600000A06cYAAR','Keep the kennels of The Place for Pets clean and cozy for our adoptable dogs!','10.0','2.0','2021-03-06T15:00:00.000Z','Auto-created for Job Recurrence Schedule: JRS-00001.','','a0056000004bMNTAA2','a0356000003KrpAAAS');
INSERT INTO "Volunteer_Shift__c" VALUES('a055600000A06cZAAR','Keep the kennels of The Place for Pets clean and cozy for our adoptable dogs!','10.0','2.0','2021-03-13T15:00:00.000Z','Auto-created for Job Recurrence Schedule: JRS-00001.','','a0056000004bMNTAA2','a0356000003KrpAAAS');
INSERT INTO "Volunteer_Shift__c" VALUES('a055600000A06caAAB','Keep the kennels of The Place for Pets clean and cozy for our adoptable dogs!','10.0','2.0','2021-03-20T14:00:00.000Z','Auto-created for Job Recurrence Schedule: JRS-00001.','','a0056000004bMNTAA2','a0356000003KrpAAAS');
INSERT INTO "Volunteer_Shift__c" VALUES('a055600000A06cbAAB','Keep the kennels of The Place for Pets clean and cozy for our adoptable dogs!','10.0','2.0','2021-03-27T14:00:00.000Z','Auto-created for Job Recurrence Schedule: JRS-00001.','','a0056000004bMNTAA2','a0356000003KrpAAAS');
INSERT INTO "Volunteer_Shift__c" VALUES('a055600000A06ccAAB','Keep the kennels of The Place for Pets clean and cozy for our adoptable dogs!','10.0','2.0','2021-04-03T14:00:00.000Z','Auto-created for Job Recurrence Schedule: JRS-00001.','','a0056000004bMNTAA2','a0356000003KrpAAAS');
INSERT INTO "Volunteer_Shift__c" VALUES('a055600000A06cdAAB','Keep the kennels of The Place for Pets clean and cozy for our adoptable dogs!','10.0','2.0','2021-04-10T14:00:00.000Z','Auto-created for Job Recurrence Schedule: JRS-00001.','','a0056000004bMNTAA2','a0356000003KrpAAAS');
INSERT INTO "Volunteer_Shift__c" VALUES('a055600000A06ceAAB','Keep the kennels of The Place for Pets clean and cozy for our adoptable dogs!','10.0','2.0','2021-04-17T14:00:00.000Z','Auto-created for Job Recurrence Schedule: JRS-00001.','','a0056000004bMNTAA2','a0356000003KrpAAAS');
INSERT INTO "Volunteer_Shift__c" VALUES('a055600000A06cfAAB','Keep the kennels of The Place for Pets clean and cozy for our adoptable dogs!','10.0','2.0','2021-04-24T14:00:00.000Z','Auto-created for Job Recurrence Schedule: JRS-00001.','','a0056000004bMNTAA2','a0356000003KrpAAAS');
INSERT INTO "Volunteer_Shift__c" VALUES('a055600000A06cgAAB','Keep the kennels of The Place for Pets clean and cozy for our adoptable dogs!','10.0','2.0','2021-05-01T14:00:00.000Z','Auto-created for Job Recurrence Schedule: JRS-00001.','','a0056000004bMNTAA2','a0356000003KrpAAAS');
INSERT INTO "Volunteer_Shift__c" VALUES('a055600000A06XBAAZ','Take the puppers of The Place for Pets for a midday walk!','5.0','1.0','2020-07-16T18:00:00.000Z','Auto-created for Job Recurrence Schedule: JRS-00000.','','a0056000004bMNSAA2','a0356000003Krp9AAC');
INSERT INTO "Volunteer_Shift__c" VALUES('a055600000A06XCAAZ','Take the puppers of The Place for Pets for a midday walk!','5.0','1.0','2020-07-17T18:00:00.000Z','Auto-created for Job Recurrence Schedule: JRS-00000.','','a0056000004bMNSAA2','a0356000003Krp9AAC');
INSERT INTO "Volunteer_Shift__c" VALUES('a055600000A06XDAAZ','Take the puppers of The Place for Pets for a midday walk!','5.0','1.0','2020-07-20T18:00:00.000Z','Auto-created for Job Recurrence Schedule: JRS-00000.','','a0056000004bMNSAA2','a0356000003Krp9AAC');
INSERT INTO "Volunteer_Shift__c" VALUES('a055600000A06XEAAZ','Take the puppers of The Place for Pets for a midday walk!','5.0','1.0','2020-07-21T18:00:00.000Z','Auto-created for Job Recurrence Schedule: JRS-00000.','','a0056000004bMNSAA2','a0356000003Krp9AAC');
INSERT INTO "Volunteer_Shift__c" VALUES('a055600000A06XFAAZ','Take the puppers of The Place for Pets for a midday walk!','5.0','1.0','2020-07-22T18:00:00.000Z','Auto-created for Job Recurrence Schedule: JRS-00000.','','a0056000004bMNSAA2','a0356000003Krp9AAC');
INSERT INTO "Volunteer_Shift__c" VALUES('a055600000A06XGAAZ','Take the puppers of The Place for Pets for a midday walk!','5.0','1.0','2020-07-23T18:00:00.000Z','Auto-created for Job Recurrence Schedule: JRS-00000.','','a0056000004bMNSAA2','a0356000003Krp9AAC');
INSERT INTO "Volunteer_Shift__c" VALUES('a055600000A06XHAAZ','Take the puppers of The Place for Pets for a midday walk!','5.0','1.0','2020-07-24T18:00:00.000Z','Auto-created for Job Recurrence Schedule: JRS-00000.','','a0056000004bMNSAA2','a0356000003Krp9AAC');
INSERT INTO "Volunteer_Shift__c" VALUES('a055600000A06XIAAZ','Take the puppers of The Place for Pets for a midday walk!','5.0','1.0','2020-07-27T18:00:00.000Z','Auto-created for Job Recurrence Schedule: JRS-00000.','','a0056000004bMNSAA2','a0356000003Krp9AAC');
INSERT INTO "Volunteer_Shift__c" VALUES('a055600000A06XJAAZ','Take the puppers of The Place for Pets for a midday walk!','5.0','1.0','2020-07-28T18:00:00.000Z','Auto-created for Job Recurrence Schedule: JRS-00000.','','a0056000004bMNSAA2','a0356000003Krp9AAC');
INSERT INTO "Volunteer_Shift__c" VALUES('a055600000A06XKAAZ','Take the puppers of The Place for Pets for a midday walk!','5.0','1.0','2020-07-29T18:00:00.000Z','Auto-created for Job Recurrence Schedule: JRS-00000.','','a0056000004bMNSAA2','a0356000003Krp9AAC');
INSERT INTO "Volunteer_Shift__c" VALUES('a055600000A06chAAB','Keep the kennels of The Place for Pets clean and cozy for our adoptable dogs!','10.0','2.0','2021-05-08T14:00:00.000Z','Auto-created for Job Recurrence Schedule: JRS-00001.','','a0056000004bMNTAA2','a0356000003KrpAAAS');
INSERT INTO "Volunteer_Shift__c" VALUES('a055600000A06ciAAB','Keep the kennels of The Place for Pets clean and cozy for our adoptable dogs!','10.0','2.0','2021-05-15T14:00:00.000Z','Auto-created for Job Recurrence Schedule: JRS-00001.','','a0056000004bMNTAA2','a0356000003KrpAAAS');
INSERT INTO "Volunteer_Shift__c" VALUES('a055600000A06cjAAB','Keep the kennels of The Place for Pets clean and cozy for our adoptable dogs!','10.0','2.0','2021-05-22T14:00:00.000Z','Auto-created for Job Recurrence Schedule: JRS-00001.','','a0056000004bMNTAA2','a0356000003KrpAAAS');
INSERT INTO "Volunteer_Shift__c" VALUES('a055600000A06ckAAB','Keep the kennels of The Place for Pets clean and cozy for our adoptable dogs!','10.0','2.0','2021-05-29T14:00:00.000Z','Auto-created for Job Recurrence Schedule: JRS-00001.','','a0056000004bMNTAA2','a0356000003KrpAAAS');
INSERT INTO "Volunteer_Shift__c" VALUES('a055600000A06clAAB','Keep the kennels of The Place for Pets clean and cozy for our adoptable dogs!','10.0','2.0','2021-06-05T14:00:00.000Z','Auto-created for Job Recurrence Schedule: JRS-00001.','','a0056000004bMNTAA2','a0356000003KrpAAAS');
INSERT INTO "Volunteer_Shift__c" VALUES('a055600000A06cmAAB','Keep the kennels of The Place for Pets clean and cozy for our adoptable dogs!','10.0','2.0','2021-06-12T14:00:00.000Z','Auto-created for Job Recurrence Schedule: JRS-00001.','','a0056000004bMNTAA2','a0356000003KrpAAAS');
INSERT INTO "Volunteer_Shift__c" VALUES('a055600000A06cnAAB','Keep the kennels of The Place for Pets clean and cozy for our adoptable dogs!','10.0','2.0','2021-06-19T14:00:00.000Z','Auto-created for Job Recurrence Schedule: JRS-00001.','','a0056000004bMNTAA2','a0356000003KrpAAAS');
INSERT INTO "Volunteer_Shift__c" VALUES('a055600000A06coAAB','Keep the kennels of The Place for Pets clean and cozy for our adoptable dogs!','10.0','2.0','2021-06-26T14:00:00.000Z','Auto-created for Job Recurrence Schedule: JRS-00001.','','a0056000004bMNTAA2','a0356000003KrpAAAS');
INSERT INTO "Volunteer_Shift__c" VALUES('a055600000A06cpAAB','Keep the kennels of The Place for Pets clean and cozy for our adoptable dogs!','10.0','2.0','2021-07-03T14:00:00.000Z','Auto-created for Job Recurrence Schedule: JRS-00001.','','a0056000004bMNTAA2','a0356000003KrpAAAS');
INSERT INTO "Volunteer_Shift__c" VALUES('a055600000A06cqAAB','Keep the kennels of The Place for Pets clean and cozy for our adoptable dogs!','10.0','2.0','2021-07-10T14:00:00.000Z','Auto-created for Job Recurrence Schedule: JRS-00001.','','a0056000004bMNTAA2','a0356000003KrpAAAS');
INSERT INTO "Volunteer_Shift__c" VALUES('a055600000A06crAAB','Keep the kennels of The Place for Pets clean and cozy for our adoptable dogs!','10.0','2.0','2021-07-17T14:00:00.000Z','Auto-created for Job Recurrence Schedule: JRS-00001.','','a0056000004bMNTAA2','a0356000003KrpAAAS');
INSERT INTO "Volunteer_Shift__c" VALUES('a055600000A06csAAB','Keep the kennels of The Place for Pets clean and cozy for our adoptable dogs!','10.0','2.0','2021-07-24T14:00:00.000Z','Auto-created for Job Recurrence Schedule: JRS-00001.','','a0056000004bMNTAA2','a0356000003KrpAAAS');
INSERT INTO "Volunteer_Shift__c" VALUES('a055600000A06ctAAB','Keep the kennels of The Place for Pets clean and cozy for our adoptable dogs!','10.0','2.0','2021-07-31T14:00:00.000Z','Auto-created for Job Recurrence Schedule: JRS-00001.','','a0056000004bMNTAA2','a0356000003KrpAAAS');
INSERT INTO "Volunteer_Shift__c" VALUES('a055600000A06XLAAZ','Take the puppers of The Place for Pets for a midday walk!','5.0','1.0','2020-07-30T18:00:00.000Z','Auto-created for Job Recurrence Schedule: JRS-00000.','','a0056000004bMNSAA2','a0356000003Krp9AAC');
INSERT INTO "Volunteer_Shift__c" VALUES('a055600000A06XMAAZ','Take the puppers of The Place for Pets for a midday walk!','5.0','1.0','2020-07-31T18:00:00.000Z','Auto-created for Job Recurrence Schedule: JRS-00000.','','a0056000004bMNSAA2','a0356000003Krp9AAC');
INSERT INTO "Volunteer_Shift__c" VALUES('a055600000A06XNAAZ','Take the puppers of The Place for Pets for a midday walk!','5.0','1.0','2020-08-03T18:00:00.000Z','Auto-created for Job Recurrence Schedule: JRS-00000.','','a0056000004bMNSAA2','a0356000003Krp9AAC');
INSERT INTO "Volunteer_Shift__c" VALUES('a055600000A06XOAAZ','Take the puppers of The Place for Pets for a midday walk!','5.0','1.0','2020-08-04T18:00:00.000Z','Auto-created for Job Recurrence Schedule: JRS-00000.','','a0056000004bMNSAA2','a0356000003Krp9AAC');
INSERT INTO "Volunteer_Shift__c" VALUES('a055600000A06XPAAZ','Take the puppers of The Place for Pets for a midday walk!','5.0','1.0','2020-08-05T18:00:00.000Z','Auto-created for Job Recurrence Schedule: JRS-00000.','','a0056000004bMNSAA2','a0356000003Krp9AAC');
INSERT INTO "Volunteer_Shift__c" VALUES('a055600000A06XQAAZ','Take the puppers of The Place for Pets for a midday walk!','5.0','1.0','2020-08-06T18:00:00.000Z','Auto-created for Job Recurrence Schedule: JRS-00000.','','a0056000004bMNSAA2','a0356000003Krp9AAC');
INSERT INTO "Volunteer_Shift__c" VALUES('a055600000A06XRAAZ','Take the puppers of The Place for Pets for a midday walk!','5.0','1.0','2020-08-07T18:00:00.000Z','Auto-created for Job Recurrence Schedule: JRS-00000.','','a0056000004bMNSAA2','a0356000003Krp9AAC');
INSERT INTO "Volunteer_Shift__c" VALUES('a055600000A06XSAAZ','Take the puppers of The Place for Pets for a midday walk!','5.0','1.0','2020-08-10T18:00:00.000Z','Auto-created for Job Recurrence Schedule: JRS-00000.','','a0056000004bMNSAA2','a0356000003Krp9AAC');
INSERT INTO "Volunteer_Shift__c" VALUES('a055600000A06XTAAZ','Take the puppers of The Place for Pets for a midday walk!','5.0','1.0','2020-08-11T18:00:00.000Z','Auto-created for Job Recurrence Schedule: JRS-00000.','','a0056000004bMNSAA2','a0356000003Krp9AAC');
INSERT INTO "Volunteer_Shift__c" VALUES('a055600000A06XUAAZ','Take the puppers of The Place for Pets for a midday walk!','5.0','1.0','2020-08-12T18:00:00.000Z','Auto-created for Job Recurrence Schedule: JRS-00000.','','a0056000004bMNSAA2','a0356000003Krp9AAC');
INSERT INTO "Volunteer_Shift__c" VALUES('a055600000A06XVAAZ','Take the puppers of The Place for Pets for a midday walk!','5.0','1.0','2020-08-13T18:00:00.000Z','Auto-created for Job Recurrence Schedule: JRS-00000.','','a0056000004bMNSAA2','a0356000003Krp9AAC');
INSERT INTO "Volunteer_Shift__c" VALUES('a055600000A06XWAAZ','Take the puppers of The Place for Pets for a midday walk!','5.0','1.0','2020-08-14T18:00:00.000Z','Auto-created for Job Recurrence Schedule: JRS-00000.','','a0056000004bMNSAA2','a0356000003Krp9AAC');
INSERT INTO "Volunteer_Shift__c" VALUES('a055600000A06XXAAZ','Take the puppers of The Place for Pets for a midday walk!','5.0','1.0','2020-08-17T18:00:00.000Z','Auto-created for Job Recurrence Schedule: JRS-00000.','','a0056000004bMNSAA2','a0356000003Krp9AAC');
INSERT INTO "Volunteer_Shift__c" VALUES('a055600000A06XYAAZ','Take the puppers of The Place for Pets for a midday walk!','5.0','1.0','2020-08-18T18:00:00.000Z','Auto-created for Job Recurrence Schedule: JRS-00000.','','a0056000004bMNSAA2','a0356000003Krp9AAC');
INSERT INTO "Volunteer_Shift__c" VALUES('a055600000A06XZAAZ','Take the puppers of The Place for Pets for a midday walk!','5.0','1.0','2020-08-19T18:00:00.000Z','Auto-created for Job Recurrence Schedule: JRS-00000.','','a0056000004bMNSAA2','a0356000003Krp9AAC');
INSERT INTO "Volunteer_Shift__c" VALUES('a055600000A06XaAAJ','Take the puppers of The Place for Pets for a midday walk!','5.0','1.0','2020-08-20T18:00:00.000Z','Auto-created for Job Recurrence Schedule: JRS-00000.','','a0056000004bMNSAA2','a0356000003Krp9AAC');
INSERT INTO "Volunteer_Shift__c" VALUES('a055600000A06XbAAJ','Take the puppers of The Place for Pets for a midday walk!','5.0','1.0','2020-08-21T18:00:00.000Z','Auto-created for Job Recurrence Schedule: JRS-00000.','','a0056000004bMNSAA2','a0356000003Krp9AAC');
INSERT INTO "Volunteer_Shift__c" VALUES('a055600000A06XcAAJ','Take the puppers of The Place for Pets for a midday walk!','5.0','1.0','2020-08-24T18:00:00.000Z','Auto-created for Job Recurrence Schedule: JRS-00000.','','a0056000004bMNSAA2','a0356000003Krp9AAC');
INSERT INTO "Volunteer_Shift__c" VALUES('a055600000A06XdAAJ','Take the puppers of The Place for Pets for a midday walk!','5.0','1.0','2020-08-25T18:00:00.000Z','Auto-created for Job Recurrence Schedule: JRS-00000.','','a0056000004bMNSAA2','a0356000003Krp9AAC');
INSERT INTO "Volunteer_Shift__c" VALUES('a055600000A06XeAAJ','Take the puppers of The Place for Pets for a midday walk!','5.0','1.0','2020-08-26T18:00:00.000Z','Auto-created for Job Recurrence Schedule: JRS-00000.','','a0056000004bMNSAA2','a0356000003Krp9AAC');
INSERT INTO "Volunteer_Shift__c" VALUES('a055600000A06XfAAJ','Take the puppers of The Place for Pets for a midday walk!','5.0','1.0','2020-08-27T18:00:00.000Z','Auto-created for Job Recurrence Schedule: JRS-00000.','','a0056000004bMNSAA2','a0356000003Krp9AAC');
INSERT INTO "Volunteer_Shift__c" VALUES('a055600000A06XgAAJ','Take the puppers of The Place for Pets for a midday walk!','5.0','1.0','2020-08-28T18:00:00.000Z','Auto-created for Job Recurrence Schedule: JRS-00000.','','a0056000004bMNSAA2','a0356000003Krp9AAC');
INSERT INTO "Volunteer_Shift__c" VALUES('a055600000A06XhAAJ','Take the puppers of The Place for Pets for a midday walk!','5.0','1.0','2020-08-31T18:00:00.000Z','Auto-created for Job Recurrence Schedule: JRS-00000.','','a0056000004bMNSAA2','a0356000003Krp9AAC');
INSERT INTO "Volunteer_Shift__c" VALUES('a055600000A06XiAAJ','Take the puppers of The Place for Pets for a midday walk!','5.0','1.0','2020-09-01T18:00:00.000Z','Auto-created for Job Recurrence Schedule: JRS-00000.','','a0056000004bMNSAA2','a0356000003Krp9AAC');
INSERT INTO "Volunteer_Shift__c" VALUES('a055600000A06XjAAJ','Take the puppers of The Place for Pets for a midday walk!','5.0','1.0','2020-09-02T18:00:00.000Z','Auto-created for Job Recurrence Schedule: JRS-00000.','','a0056000004bMNSAA2','a0356000003Krp9AAC');
INSERT INTO "Volunteer_Shift__c" VALUES('a055600000A06XkAAJ','Take the puppers of The Place for Pets for a midday walk!','5.0','1.0','2020-09-03T18:00:00.000Z','Auto-created for Job Recurrence Schedule: JRS-00000.','','a0056000004bMNSAA2','a0356000003Krp9AAC');
INSERT INTO "Volunteer_Shift__c" VALUES('a055600000A06XlAAJ','Take the puppers of The Place for Pets for a midday walk!','5.0','1.0','2020-09-04T18:00:00.000Z','Auto-created for Job Recurrence Schedule: JRS-00000.','','a0056000004bMNSAA2','a0356000003Krp9AAC');
INSERT INTO "Volunteer_Shift__c" VALUES('a055600000A06XmAAJ','Take the puppers of The Place for Pets for a midday walk!','5.0','1.0','2020-09-07T18:00:00.000Z','Auto-created for Job Recurrence Schedule: JRS-00000.','','a0056000004bMNSAA2','a0356000003Krp9AAC');
INSERT INTO "Volunteer_Shift__c" VALUES('a055600000A06XnAAJ','Take the puppers of The Place for Pets for a midday walk!','5.0','1.0','2020-09-08T18:00:00.000Z','Auto-created for Job Recurrence Schedule: JRS-00000.','','a0056000004bMNSAA2','a0356000003Krp9AAC');
INSERT INTO "Volunteer_Shift__c" VALUES('a055600000A06XoAAJ','Take the puppers of The Place for Pets for a midday walk!','5.0','1.0','2020-09-09T18:00:00.000Z','Auto-created for Job Recurrence Schedule: JRS-00000.','','a0056000004bMNSAA2','a0356000003Krp9AAC');
INSERT INTO "Volunteer_Shift__c" VALUES('a055600000A06XpAAJ','Take the puppers of The Place for Pets for a midday walk!','5.0','1.0','2020-09-10T18:00:00.000Z','Auto-created for Job Recurrence Schedule: JRS-00000.','','a0056000004bMNSAA2','a0356000003Krp9AAC');
INSERT INTO "Volunteer_Shift__c" VALUES('a055600000A06XqAAJ','Take the puppers of The Place for Pets for a midday walk!','5.0','1.0','2020-09-11T18:00:00.000Z','Auto-created for Job Recurrence Schedule: JRS-00000.','','a0056000004bMNSAA2','a0356000003Krp9AAC');
INSERT INTO "Volunteer_Shift__c" VALUES('a055600000A06XrAAJ','Take the puppers of The Place for Pets for a midday walk!','5.0','1.0','2020-09-14T18:00:00.000Z','Auto-created for Job Recurrence Schedule: JRS-00000.','','a0056000004bMNSAA2','a0356000003Krp9AAC');
INSERT INTO "Volunteer_Shift__c" VALUES('a055600000A06XsAAJ','Take the puppers of The Place for Pets for a midday walk!','5.0','1.0','2020-09-15T18:00:00.000Z','Auto-created for Job Recurrence Schedule: JRS-00000.','','a0056000004bMNSAA2','a0356000003Krp9AAC');
INSERT INTO "Volunteer_Shift__c" VALUES('a055600000A06XtAAJ','Take the puppers of The Place for Pets for a midday walk!','5.0','1.0','2020-09-16T18:00:00.000Z','Auto-created for Job Recurrence Schedule: JRS-00000.','','a0056000004bMNSAA2','a0356000003Krp9AAC');
INSERT INTO "Volunteer_Shift__c" VALUES('a055600000A06XuAAJ','Take the puppers of The Place for Pets for a midday walk!','5.0','1.0','2020-09-17T18:00:00.000Z','Auto-created for Job Recurrence Schedule: JRS-00000.','','a0056000004bMNSAA2','a0356000003Krp9AAC');
INSERT INTO "Volunteer_Shift__c" VALUES('a055600000A06XvAAJ','Take the puppers of The Place for Pets for a midday walk!','5.0','1.0','2020-09-18T18:00:00.000Z','Auto-created for Job Recurrence Schedule: JRS-00000.','','a0056000004bMNSAA2','a0356000003Krp9AAC');
INSERT INTO "Volunteer_Shift__c" VALUES('a055600000A06XwAAJ','Take the puppers of The Place for Pets for a midday walk!','5.0','1.0','2020-09-21T18:00:00.000Z','Auto-created for Job Recurrence Schedule: JRS-00000.','','a0056000004bMNSAA2','a0356000003Krp9AAC');
INSERT INTO "Volunteer_Shift__c" VALUES('a055600000A06XxAAJ','Take the puppers of The Place for Pets for a midday walk!','5.0','1.0','2020-09-22T18:00:00.000Z','Auto-created for Job Recurrence Schedule: JRS-00000.','','a0056000004bMNSAA2','a0356000003Krp9AAC');
INSERT INTO "Volunteer_Shift__c" VALUES('a055600000A06XyAAJ','Take the puppers of The Place for Pets for a midday walk!','5.0','1.0','2020-09-23T18:00:00.000Z','Auto-created for Job Recurrence Schedule: JRS-00000.','','a0056000004bMNSAA2','a0356000003Krp9AAC');
INSERT INTO "Volunteer_Shift__c" VALUES('a055600000A06XzAAJ','Take the puppers of The Place for Pets for a midday walk!','5.0','1.0','2020-09-24T18:00:00.000Z','Auto-created for Job Recurrence Schedule: JRS-00000.','','a0056000004bMNSAA2','a0356000003Krp9AAC');
INSERT INTO "Volunteer_Shift__c" VALUES('a055600000A06Y0AAJ','Take the puppers of The Place for Pets for a midday walk!','5.0','1.0','2020-09-25T18:00:00.000Z','Auto-created for Job Recurrence Schedule: JRS-00000.','','a0056000004bMNSAA2','a0356000003Krp9AAC');
INSERT INTO "Volunteer_Shift__c" VALUES('a055600000A06Y1AAJ','Take the puppers of The Place for Pets for a midday walk!','5.0','1.0','2020-09-28T18:00:00.000Z','Auto-created for Job Recurrence Schedule: JRS-00000.','','a0056000004bMNSAA2','a0356000003Krp9AAC');
INSERT INTO "Volunteer_Shift__c" VALUES('a055600000A06Y2AAJ','Take the puppers of The Place for Pets for a midday walk!','5.0','1.0','2020-09-29T18:00:00.000Z','Auto-created for Job Recurrence Schedule: JRS-00000.','','a0056000004bMNSAA2','a0356000003Krp9AAC');
INSERT INTO "Volunteer_Shift__c" VALUES('a055600000A06Y3AAJ','Take the puppers of The Place for Pets for a midday walk!','5.0','1.0','2020-09-30T18:00:00.000Z','Auto-created for Job Recurrence Schedule: JRS-00000.','','a0056000004bMNSAA2','a0356000003Krp9AAC');
INSERT INTO "Volunteer_Shift__c" VALUES('a055600000A06Y4AAJ','Take the puppers of The Place for Pets for a midday walk!','5.0','1.0','2020-10-01T18:00:00.000Z','Auto-created for Job Recurrence Schedule: JRS-00000.','','a0056000004bMNSAA2','a0356000003Krp9AAC');
INSERT INTO "Volunteer_Shift__c" VALUES('a055600000A06Y5AAJ','Take the puppers of The Place for Pets for a midday walk!','5.0','1.0','2020-10-02T18:00:00.000Z','Auto-created for Job Recurrence Schedule: JRS-00000.','','a0056000004bMNSAA2','a0356000003Krp9AAC');
INSERT INTO "Volunteer_Shift__c" VALUES('a055600000A06Y6AAJ','Take the puppers of The Place for Pets for a midday walk!','5.0','1.0','2020-10-05T18:00:00.000Z','Auto-created for Job Recurrence Schedule: JRS-00000.','','a0056000004bMNSAA2','a0356000003Krp9AAC');
INSERT INTO "Volunteer_Shift__c" VALUES('a055600000A06Y7AAJ','Take the puppers of The Place for Pets for a midday walk!','5.0','1.0','2020-10-06T18:00:00.000Z','Auto-created for Job Recurrence Schedule: JRS-00000.','','a0056000004bMNSAA2','a0356000003Krp9AAC');
INSERT INTO "Volunteer_Shift__c" VALUES('a055600000A06Y8AAJ','Take the puppers of The Place for Pets for a midday walk!','5.0','1.0','2020-10-07T18:00:00.000Z','Auto-created for Job Recurrence Schedule: JRS-00000.','','a0056000004bMNSAA2','a0356000003Krp9AAC');
INSERT INTO "Volunteer_Shift__c" VALUES('a055600000A06Y9AAJ','Take the puppers of The Place for Pets for a midday walk!','5.0','1.0','2020-10-08T18:00:00.000Z','Auto-created for Job Recurrence Schedule: JRS-00000.','','a0056000004bMNSAA2','a0356000003Krp9AAC');
INSERT INTO "Volunteer_Shift__c" VALUES('a055600000A06YAAAZ','Take the puppers of The Place for Pets for a midday walk!','5.0','1.0','2020-10-09T18:00:00.000Z','Auto-created for Job Recurrence Schedule: JRS-00000.','','a0056000004bMNSAA2','a0356000003Krp9AAC');
INSERT INTO "Volunteer_Shift__c" VALUES('a055600000A06YBAAZ','Take the puppers of The Place for Pets for a midday walk!','5.0','1.0','2020-10-12T18:00:00.000Z','Auto-created for Job Recurrence Schedule: JRS-00000.','','a0056000004bMNSAA2','a0356000003Krp9AAC');
INSERT INTO "Volunteer_Shift__c" VALUES('a055600000A06YCAAZ','Take the puppers of The Place for Pets for a midday walk!','5.0','1.0','2020-10-13T18:00:00.000Z','Auto-created for Job Recurrence Schedule: JRS-00000.','','a0056000004bMNSAA2','a0356000003Krp9AAC');
INSERT INTO "Volunteer_Shift__c" VALUES('a055600000A06YDAAZ','Take the puppers of The Place for Pets for a midday walk!','5.0','1.0','2020-10-14T18:00:00.000Z','Auto-created for Job Recurrence Schedule: JRS-00000.','','a0056000004bMNSAA2','a0356000003Krp9AAC');
INSERT INTO "Volunteer_Shift__c" VALUES('a055600000A06YEAAZ','Take the puppers of The Place for Pets for a midday walk!','5.0','1.0','2020-10-15T18:00:00.000Z','Auto-created for Job Recurrence Schedule: JRS-00000.','','a0056000004bMNSAA2','a0356000003Krp9AAC');
INSERT INTO "Volunteer_Shift__c" VALUES('a055600000A06YFAAZ','Take the puppers of The Place for Pets for a midday walk!','5.0','1.0','2020-10-16T18:00:00.000Z','Auto-created for Job Recurrence Schedule: JRS-00000.','','a0056000004bMNSAA2','a0356000003Krp9AAC');
INSERT INTO "Volunteer_Shift__c" VALUES('a055600000A06YGAAZ','Take the puppers of The Place for Pets for a midday walk!','5.0','1.0','2020-10-19T18:00:00.000Z','Auto-created for Job Recurrence Schedule: JRS-00000.','','a0056000004bMNSAA2','a0356000003Krp9AAC');
INSERT INTO "Volunteer_Shift__c" VALUES('a055600000A06YHAAZ','Take the puppers of The Place for Pets for a midday walk!','5.0','1.0','2020-10-20T18:00:00.000Z','Auto-created for Job Recurrence Schedule: JRS-00000.','','a0056000004bMNSAA2','a0356000003Krp9AAC');
INSERT INTO "Volunteer_Shift__c" VALUES('a055600000A06YIAAZ','Take the puppers of The Place for Pets for a midday walk!','5.0','1.0','2020-10-21T18:00:00.000Z','Auto-created for Job Recurrence Schedule: JRS-00000.','','a0056000004bMNSAA2','a0356000003Krp9AAC');
INSERT INTO "Volunteer_Shift__c" VALUES('a055600000A06YJAAZ','Take the puppers of The Place for Pets for a midday walk!','5.0','1.0','2020-10-22T18:00:00.000Z','Auto-created for Job Recurrence Schedule: JRS-00000.','','a0056000004bMNSAA2','a0356000003Krp9AAC');
INSERT INTO "Volunteer_Shift__c" VALUES('a055600000A06YKAAZ','Take the puppers of The Place for Pets for a midday walk!','5.0','1.0','2020-10-23T18:00:00.000Z','Auto-created for Job Recurrence Schedule: JRS-00000.','','a0056000004bMNSAA2','a0356000003Krp9AAC');
INSERT INTO "Volunteer_Shift__c" VALUES('a055600000A06YLAAZ','Take the puppers of The Place for Pets for a midday walk!','5.0','1.0','2020-10-26T18:00:00.000Z','Auto-created for Job Recurrence Schedule: JRS-00000.','','a0056000004bMNSAA2','a0356000003Krp9AAC');
INSERT INTO "Volunteer_Shift__c" VALUES('a055600000A06YMAAZ','Take the puppers of The Place for Pets for a midday walk!','5.0','1.0','2020-10-27T18:00:00.000Z','Auto-created for Job Recurrence Schedule: JRS-00000.','','a0056000004bMNSAA2','a0356000003Krp9AAC');
INSERT INTO "Volunteer_Shift__c" VALUES('a055600000A06YNAAZ','Take the puppers of The Place for Pets for a midday walk!','5.0','1.0','2020-10-28T18:00:00.000Z','Auto-created for Job Recurrence Schedule: JRS-00000.','','a0056000004bMNSAA2','a0356000003Krp9AAC');
INSERT INTO "Volunteer_Shift__c" VALUES('a055600000A06YOAAZ','Take the puppers of The Place for Pets for a midday walk!','5.0','1.0','2020-10-29T18:00:00.000Z','Auto-created for Job Recurrence Schedule: JRS-00000.','','a0056000004bMNSAA2','a0356000003Krp9AAC');
INSERT INTO "Volunteer_Shift__c" VALUES('a055600000A06YPAAZ','Take the puppers of The Place for Pets for a midday walk!','5.0','1.0','2020-10-30T18:00:00.000Z','Auto-created for Job Recurrence Schedule: JRS-00000.','','a0056000004bMNSAA2','a0356000003Krp9AAC');
INSERT INTO "Volunteer_Shift__c" VALUES('a055600000A06YQAAZ','Take the puppers of The Place for Pets for a midday walk!','5.0','1.0','2020-11-02T19:00:00.000Z','Auto-created for Job Recurrence Schedule: JRS-00000.','','a0056000004bMNSAA2','a0356000003Krp9AAC');
INSERT INTO "Volunteer_Shift__c" VALUES('a055600000A06YRAAZ','Take the puppers of The Place for Pets for a midday walk!','5.0','1.0','2020-11-03T19:00:00.000Z','Auto-created for Job Recurrence Schedule: JRS-00000.','','a0056000004bMNSAA2','a0356000003Krp9AAC');
INSERT INTO "Volunteer_Shift__c" VALUES('a055600000A06YSAAZ','Take the puppers of The Place for Pets for a midday walk!','5.0','1.0','2020-11-04T19:00:00.000Z','Auto-created for Job Recurrence Schedule: JRS-00000.','','a0056000004bMNSAA2','a0356000003Krp9AAC');
INSERT INTO "Volunteer_Shift__c" VALUES('a055600000A06YTAAZ','Take the puppers of The Place for Pets for a midday walk!','5.0','1.0','2020-11-05T19:00:00.000Z','Auto-created for Job Recurrence Schedule: JRS-00000.','','a0056000004bMNSAA2','a0356000003Krp9AAC');
INSERT INTO "Volunteer_Shift__c" VALUES('a055600000A06YUAAZ','Take the puppers of The Place for Pets for a midday walk!','5.0','1.0','2020-11-06T19:00:00.000Z','Auto-created for Job Recurrence Schedule: JRS-00000.','','a0056000004bMNSAA2','a0356000003Krp9AAC');
INSERT INTO "Volunteer_Shift__c" VALUES('a055600000A06YVAAZ','Take the puppers of The Place for Pets for a midday walk!','5.0','1.0','2020-11-09T19:00:00.000Z','Auto-created for Job Recurrence Schedule: JRS-00000.','','a0056000004bMNSAA2','a0356000003Krp9AAC');
INSERT INTO "Volunteer_Shift__c" VALUES('a055600000A06YWAAZ','Take the puppers of The Place for Pets for a midday walk!','5.0','1.0','2020-11-10T19:00:00.000Z','Auto-created for Job Recurrence Schedule: JRS-00000.','','a0056000004bMNSAA2','a0356000003Krp9AAC');
INSERT INTO "Volunteer_Shift__c" VALUES('a055600000A06YXAAZ','Take the puppers of The Place for Pets for a midday walk!','5.0','1.0','2020-11-11T19:00:00.000Z','Auto-created for Job Recurrence Schedule: JRS-00000.','','a0056000004bMNSAA2','a0356000003Krp9AAC');
INSERT INTO "Volunteer_Shift__c" VALUES('a055600000A06YYAAZ','Take the puppers of The Place for Pets for a midday walk!','5.0','1.0','2020-11-12T19:00:00.000Z','Auto-created for Job Recurrence Schedule: JRS-00000.','','a0056000004bMNSAA2','a0356000003Krp9AAC');
INSERT INTO "Volunteer_Shift__c" VALUES('a055600000A06YZAAZ','Take the puppers of The Place for Pets for a midday walk!','5.0','1.0','2020-11-13T19:00:00.000Z','Auto-created for Job Recurrence Schedule: JRS-00000.','','a0056000004bMNSAA2','a0356000003Krp9AAC');
INSERT INTO "Volunteer_Shift__c" VALUES('a055600000A06YaAAJ','Take the puppers of The Place for Pets for a midday walk!','5.0','1.0','2020-11-16T19:00:00.000Z','Auto-created for Job Recurrence Schedule: JRS-00000.','','a0056000004bMNSAA2','a0356000003Krp9AAC');
INSERT INTO "Volunteer_Shift__c" VALUES('a055600000A06YbAAJ','Take the puppers of The Place for Pets for a midday walk!','5.0','1.0','2020-11-17T19:00:00.000Z','Auto-created for Job Recurrence Schedule: JRS-00000.','','a0056000004bMNSAA2','a0356000003Krp9AAC');
INSERT INTO "Volunteer_Shift__c" VALUES('a055600000A06YcAAJ','Take the puppers of The Place for Pets for a midday walk!','5.0','1.0','2020-11-18T19:00:00.000Z','Auto-created for Job Recurrence Schedule: JRS-00000.','','a0056000004bMNSAA2','a0356000003Krp9AAC');
INSERT INTO "Volunteer_Shift__c" VALUES('a055600000A06YdAAJ','Take the puppers of The Place for Pets for a midday walk!','5.0','1.0','2020-11-19T19:00:00.000Z','Auto-created for Job Recurrence Schedule: JRS-00000.','','a0056000004bMNSAA2','a0356000003Krp9AAC');
INSERT INTO "Volunteer_Shift__c" VALUES('a055600000A06YeAAJ','Take the puppers of The Place for Pets for a midday walk!','5.0','1.0','2020-11-20T19:00:00.000Z','Auto-created for Job Recurrence Schedule: JRS-00000.','','a0056000004bMNSAA2','a0356000003Krp9AAC');
INSERT INTO "Volunteer_Shift__c" VALUES('a055600000A06YfAAJ','Take the puppers of The Place for Pets for a midday walk!','5.0','1.0','2020-11-23T19:00:00.000Z','Auto-created for Job Recurrence Schedule: JRS-00000.','','a0056000004bMNSAA2','a0356000003Krp9AAC');
INSERT INTO "Volunteer_Shift__c" VALUES('a055600000A06YgAAJ','Take the puppers of The Place for Pets for a midday walk!','5.0','1.0','2020-11-24T19:00:00.000Z','Auto-created for Job Recurrence Schedule: JRS-00000.','','a0056000004bMNSAA2','a0356000003Krp9AAC');
INSERT INTO "Volunteer_Shift__c" VALUES('a055600000A06YhAAJ','Take the puppers of The Place for Pets for a midday walk!','5.0','1.0','2020-11-25T19:00:00.000Z','Auto-created for Job Recurrence Schedule: JRS-00000.','','a0056000004bMNSAA2','a0356000003Krp9AAC');
INSERT INTO "Volunteer_Shift__c" VALUES('a055600000A06YiAAJ','Take the puppers of The Place for Pets for a midday walk!','5.0','1.0','2020-11-26T19:00:00.000Z','Auto-created for Job Recurrence Schedule: JRS-00000.','','a0056000004bMNSAA2','a0356000003Krp9AAC');
INSERT INTO "Volunteer_Shift__c" VALUES('a055600000A06YjAAJ','Take the puppers of The Place for Pets for a midday walk!','5.0','1.0','2020-11-27T19:00:00.000Z','Auto-created for Job Recurrence Schedule: JRS-00000.','','a0056000004bMNSAA2','a0356000003Krp9AAC');
INSERT INTO "Volunteer_Shift__c" VALUES('a055600000A06YkAAJ','Take the puppers of The Place for Pets for a midday walk!','5.0','1.0','2020-11-30T19:00:00.000Z','Auto-created for Job Recurrence Schedule: JRS-00000.','','a0056000004bMNSAA2','a0356000003Krp9AAC');
INSERT INTO "Volunteer_Shift__c" VALUES('a055600000A06YlAAJ','Take the puppers of The Place for Pets for a midday walk!','5.0','1.0','2020-12-01T19:00:00.000Z','Auto-created for Job Recurrence Schedule: JRS-00000.','','a0056000004bMNSAA2','a0356000003Krp9AAC');
INSERT INTO "Volunteer_Shift__c" VALUES('a055600000A06YmAAJ','Take the puppers of The Place for Pets for a midday walk!','5.0','1.0','2020-12-02T19:00:00.000Z','Auto-created for Job Recurrence Schedule: JRS-00000.','','a0056000004bMNSAA2','a0356000003Krp9AAC');
INSERT INTO "Volunteer_Shift__c" VALUES('a055600000A06YnAAJ','Take the puppers of The Place for Pets for a midday walk!','5.0','1.0','2020-12-03T19:00:00.000Z','Auto-created for Job Recurrence Schedule: JRS-00000.','','a0056000004bMNSAA2','a0356000003Krp9AAC');
INSERT INTO "Volunteer_Shift__c" VALUES('a055600000A06YoAAJ','Take the puppers of The Place for Pets for a midday walk!','5.0','1.0','2020-12-04T19:00:00.000Z','Auto-created for Job Recurrence Schedule: JRS-00000.','','a0056000004bMNSAA2','a0356000003Krp9AAC');
INSERT INTO "Volunteer_Shift__c" VALUES('a055600000A06YpAAJ','Take the puppers of The Place for Pets for a midday walk!','5.0','1.0','2020-12-07T19:00:00.000Z','Auto-created for Job Recurrence Schedule: JRS-00000.','','a0056000004bMNSAA2','a0356000003Krp9AAC');
INSERT INTO "Volunteer_Shift__c" VALUES('a055600000A06YqAAJ','Take the puppers of The Place for Pets for a midday walk!','5.0','1.0','2020-12-08T19:00:00.000Z','Auto-created for Job Recurrence Schedule: JRS-00000.','','a0056000004bMNSAA2','a0356000003Krp9AAC');
INSERT INTO "Volunteer_Shift__c" VALUES('a055600000A06YrAAJ','Take the puppers of The Place for Pets for a midday walk!','5.0','1.0','2020-12-09T19:00:00.000Z','Auto-created for Job Recurrence Schedule: JRS-00000.','','a0056000004bMNSAA2','a0356000003Krp9AAC');
INSERT INTO "Volunteer_Shift__c" VALUES('a055600000A06YsAAJ','Take the puppers of The Place for Pets for a midday walk!','5.0','1.0','2020-12-10T19:00:00.000Z','Auto-created for Job Recurrence Schedule: JRS-00000.','','a0056000004bMNSAA2','a0356000003Krp9AAC');
INSERT INTO "Volunteer_Shift__c" VALUES('a055600000A06YtAAJ','Take the puppers of The Place for Pets for a midday walk!','5.0','1.0','2020-12-11T19:00:00.000Z','Auto-created for Job Recurrence Schedule: JRS-00000.','','a0056000004bMNSAA2','a0356000003Krp9AAC');
INSERT INTO "Volunteer_Shift__c" VALUES('a055600000A06YuAAJ','Take the puppers of The Place for Pets for a midday walk!','5.0','1.0','2020-12-14T19:00:00.000Z','Auto-created for Job Recurrence Schedule: JRS-00000.','','a0056000004bMNSAA2','a0356000003Krp9AAC');
INSERT INTO "Volunteer_Shift__c" VALUES('a055600000A06YvAAJ','Take the puppers of The Place for Pets for a midday walk!','5.0','1.0','2020-12-15T19:00:00.000Z','Auto-created for Job Recurrence Schedule: JRS-00000.','','a0056000004bMNSAA2','a0356000003Krp9AAC');
INSERT INTO "Volunteer_Shift__c" VALUES('a055600000A06YwAAJ','Take the puppers of The Place for Pets for a midday walk!','5.0','1.0','2020-12-16T19:00:00.000Z','Auto-created for Job Recurrence Schedule: JRS-00000.','','a0056000004bMNSAA2','a0356000003Krp9AAC');
INSERT INTO "Volunteer_Shift__c" VALUES('a055600000A06YxAAJ','Take the puppers of The Place for Pets for a midday walk!','5.0','1.0','2020-12-17T19:00:00.000Z','Auto-created for Job Recurrence Schedule: JRS-00000.','','a0056000004bMNSAA2','a0356000003Krp9AAC');
INSERT INTO "Volunteer_Shift__c" VALUES('a055600000A06YyAAJ','Take the puppers of The Place for Pets for a midday walk!','5.0','1.0','2020-12-18T19:00:00.000Z','Auto-created for Job Recurrence Schedule: JRS-00000.','','a0056000004bMNSAA2','a0356000003Krp9AAC');
INSERT INTO "Volunteer_Shift__c" VALUES('a055600000A06YzAAJ','Take the puppers of The Place for Pets for a midday walk!','5.0','1.0','2020-12-21T19:00:00.000Z','Auto-created for Job Recurrence Schedule: JRS-00000.','','a0056000004bMNSAA2','a0356000003Krp9AAC');
INSERT INTO "Volunteer_Shift__c" VALUES('a055600000A06Z0AAJ','Take the puppers of The Place for Pets for a midday walk!','5.0','1.0','2020-12-22T19:00:00.000Z','Auto-created for Job Recurrence Schedule: JRS-00000.','','a0056000004bMNSAA2','a0356000003Krp9AAC');
INSERT INTO "Volunteer_Shift__c" VALUES('a055600000A06Z1AAJ','Take the puppers of The Place for Pets for a midday walk!','5.0','1.0','2020-12-23T19:00:00.000Z','Auto-created for Job Recurrence Schedule: JRS-00000.','','a0056000004bMNSAA2','a0356000003Krp9AAC');
INSERT INTO "Volunteer_Shift__c" VALUES('a055600000A06Z2AAJ','Take the puppers of The Place for Pets for a midday walk!','5.0','1.0','2020-12-24T19:00:00.000Z','Auto-created for Job Recurrence Schedule: JRS-00000.','','a0056000004bMNSAA2','a0356000003Krp9AAC');
INSERT INTO "Volunteer_Shift__c" VALUES('a055600000A06Z3AAJ','Take the puppers of The Place for Pets for a midday walk!','5.0','1.0','2020-12-25T19:00:00.000Z','Auto-created for Job Recurrence Schedule: JRS-00000.','','a0056000004bMNSAA2','a0356000003Krp9AAC');
INSERT INTO "Volunteer_Shift__c" VALUES('a055600000A06Z4AAJ','Take the puppers of The Place for Pets for a midday walk!','5.0','1.0','2020-12-28T19:00:00.000Z','Auto-created for Job Recurrence Schedule: JRS-00000.','','a0056000004bMNSAA2','a0356000003Krp9AAC');
INSERT INTO "Volunteer_Shift__c" VALUES('a055600000A06Z5AAJ','Take the puppers of The Place for Pets for a midday walk!','5.0','1.0','2020-12-29T19:00:00.000Z','Auto-created for Job Recurrence Schedule: JRS-00000.','','a0056000004bMNSAA2','a0356000003Krp9AAC');
INSERT INTO "Volunteer_Shift__c" VALUES('a055600000A06Z6AAJ','Take the puppers of The Place for Pets for a midday walk!','5.0','1.0','2020-12-30T19:00:00.000Z','Auto-created for Job Recurrence Schedule: JRS-00000.','','a0056000004bMNSAA2','a0356000003Krp9AAC');
INSERT INTO "Volunteer_Shift__c" VALUES('a055600000A06Z7AAJ','Take the puppers of The Place for Pets for a midday walk!','5.0','1.0','2020-12-31T19:00:00.000Z','Auto-created for Job Recurrence Schedule: JRS-00000.','','a0056000004bMNSAA2','a0356000003Krp9AAC');
INSERT INTO "Volunteer_Shift__c" VALUES('a055600000A06Z8AAJ','Take the puppers of The Place for Pets for a midday walk!','5.0','1.0','2021-01-01T19:00:00.000Z','Auto-created for Job Recurrence Schedule: JRS-00000.','','a0056000004bMNSAA2','a0356000003Krp9AAC');
INSERT INTO "Volunteer_Shift__c" VALUES('a055600000A06Z9AAJ','Take the puppers of The Place for Pets for a midday walk!','5.0','1.0','2021-01-04T19:00:00.000Z','Auto-created for Job Recurrence Schedule: JRS-00000.','','a0056000004bMNSAA2','a0356000003Krp9AAC');
INSERT INTO "Volunteer_Shift__c" VALUES('a055600000A06ZAAAZ','Take the puppers of The Place for Pets for a midday walk!','5.0','1.0','2021-01-05T19:00:00.000Z','Auto-created for Job Recurrence Schedule: JRS-00000.','','a0056000004bMNSAA2','a0356000003Krp9AAC');
INSERT INTO "Volunteer_Shift__c" VALUES('a055600000A06ZBAAZ','Take the puppers of The Place for Pets for a midday walk!','5.0','1.0','2021-01-06T19:00:00.000Z','Auto-created for Job Recurrence Schedule: JRS-00000.','','a0056000004bMNSAA2','a0356000003Krp9AAC');
INSERT INTO "Volunteer_Shift__c" VALUES('a055600000A06ZCAAZ','Take the puppers of The Place for Pets for a midday walk!','5.0','1.0','2021-01-07T19:00:00.000Z','Auto-created for Job Recurrence Schedule: JRS-00000.','','a0056000004bMNSAA2','a0356000003Krp9AAC');
INSERT INTO "Volunteer_Shift__c" VALUES('a055600000A06ZDAAZ','Take the puppers of The Place for Pets for a midday walk!','5.0','1.0','2021-01-08T19:00:00.000Z','Auto-created for Job Recurrence Schedule: JRS-00000.','','a0056000004bMNSAA2','a0356000003Krp9AAC');
INSERT INTO "Volunteer_Shift__c" VALUES('a055600000A06ZEAAZ','Take the puppers of The Place for Pets for a midday walk!','5.0','1.0','2021-01-11T19:00:00.000Z','Auto-created for Job Recurrence Schedule: JRS-00000.','','a0056000004bMNSAA2','a0356000003Krp9AAC');
INSERT INTO "Volunteer_Shift__c" VALUES('a055600000A06ZFAAZ','Take the puppers of The Place for Pets for a midday walk!','5.0','1.0','2021-01-12T19:00:00.000Z','Auto-created for Job Recurrence Schedule: JRS-00000.','','a0056000004bMNSAA2','a0356000003Krp9AAC');
INSERT INTO "Volunteer_Shift__c" VALUES('a055600000A06ZGAAZ','Take the puppers of The Place for Pets for a midday walk!','5.0','1.0','2021-01-13T19:00:00.000Z','Auto-created for Job Recurrence Schedule: JRS-00000.','','a0056000004bMNSAA2','a0356000003Krp9AAC');
INSERT INTO "Volunteer_Shift__c" VALUES('a055600000A06ZHAAZ','Take the puppers of The Place for Pets for a midday walk!','5.0','1.0','2021-01-14T19:00:00.000Z','Auto-created for Job Recurrence Schedule: JRS-00000.','','a0056000004bMNSAA2','a0356000003Krp9AAC');
INSERT INTO "Volunteer_Shift__c" VALUES('a055600000A06ZIAAZ','Take the puppers of The Place for Pets for a midday walk!','5.0','1.0','2021-01-15T19:00:00.000Z','Auto-created for Job Recurrence Schedule: JRS-00000.','','a0056000004bMNSAA2','a0356000003Krp9AAC');
INSERT INTO "Volunteer_Shift__c" VALUES('a055600000A06ZJAAZ','Take the puppers of The Place for Pets for a midday walk!','5.0','1.0','2021-01-18T19:00:00.000Z','Auto-created for Job Recurrence Schedule: JRS-00000.','','a0056000004bMNSAA2','a0356000003Krp9AAC');
INSERT INTO "Volunteer_Shift__c" VALUES('a055600000A06ZKAAZ','Take the puppers of The Place for Pets for a midday walk!','5.0','1.0','2021-01-19T19:00:00.000Z','Auto-created for Job Recurrence Schedule: JRS-00000.','','a0056000004bMNSAA2','a0356000003Krp9AAC');
INSERT INTO "Volunteer_Shift__c" VALUES('a055600000A06ZLAAZ','Take the puppers of The Place for Pets for a midday walk!','5.0','1.0','2021-01-20T19:00:00.000Z','Auto-created for Job Recurrence Schedule: JRS-00000.','','a0056000004bMNSAA2','a0356000003Krp9AAC');
INSERT INTO "Volunteer_Shift__c" VALUES('a055600000A06ZMAAZ','Take the puppers of The Place for Pets for a midday walk!','5.0','1.0','2021-01-21T19:00:00.000Z','Auto-created for Job Recurrence Schedule: JRS-00000.','','a0056000004bMNSAA2','a0356000003Krp9AAC');
INSERT INTO "Volunteer_Shift__c" VALUES('a055600000A06ZNAAZ','Take the puppers of The Place for Pets for a midday walk!','5.0','1.0','2021-01-22T19:00:00.000Z','Auto-created for Job Recurrence Schedule: JRS-00000.','','a0056000004bMNSAA2','a0356000003Krp9AAC');
INSERT INTO "Volunteer_Shift__c" VALUES('a055600000A06ZOAAZ','Take the puppers of The Place for Pets for a midday walk!','5.0','1.0','2021-01-25T19:00:00.000Z','Auto-created for Job Recurrence Schedule: JRS-00000.','','a0056000004bMNSAA2','a0356000003Krp9AAC');
INSERT INTO "Volunteer_Shift__c" VALUES('a055600000A06ZPAAZ','Take the puppers of The Place for Pets for a midday walk!','5.0','1.0','2021-01-26T19:00:00.000Z','Auto-created for Job Recurrence Schedule: JRS-00000.','','a0056000004bMNSAA2','a0356000003Krp9AAC');
INSERT INTO "Volunteer_Shift__c" VALUES('a055600000A06ZQAAZ','Take the puppers of The Place for Pets for a midday walk!','5.0','1.0','2021-01-27T19:00:00.000Z','Auto-created for Job Recurrence Schedule: JRS-00000.','','a0056000004bMNSAA2','a0356000003Krp9AAC');
INSERT INTO "Volunteer_Shift__c" VALUES('a055600000A06ZRAAZ','Take the puppers of The Place for Pets for a midday walk!','5.0','1.0','2021-01-28T19:00:00.000Z','Auto-created for Job Recurrence Schedule: JRS-00000.','','a0056000004bMNSAA2','a0356000003Krp9AAC');
INSERT INTO "Volunteer_Shift__c" VALUES('a055600000A06ZSAAZ','Take the puppers of The Place for Pets for a midday walk!','5.0','1.0','2021-01-29T19:00:00.000Z','Auto-created for Job Recurrence Schedule: JRS-00000.','','a0056000004bMNSAA2','a0356000003Krp9AAC');
INSERT INTO "Volunteer_Shift__c" VALUES('a055600000A06ZTAAZ','Take the puppers of The Place for Pets for a midday walk!','5.0','1.0','2021-02-01T19:00:00.000Z','Auto-created for Job Recurrence Schedule: JRS-00000.','','a0056000004bMNSAA2','a0356000003Krp9AAC');
INSERT INTO "Volunteer_Shift__c" VALUES('a055600000A06ZUAAZ','Take the puppers of The Place for Pets for a midday walk!','5.0','1.0','2021-02-02T19:00:00.000Z','Auto-created for Job Recurrence Schedule: JRS-00000.','','a0056000004bMNSAA2','a0356000003Krp9AAC');
INSERT INTO "Volunteer_Shift__c" VALUES('a055600000A06ZVAAZ','Take the puppers of The Place for Pets for a midday walk!','5.0','1.0','2021-02-03T19:00:00.000Z','Auto-created for Job Recurrence Schedule: JRS-00000.','','a0056000004bMNSAA2','a0356000003Krp9AAC');
INSERT INTO "Volunteer_Shift__c" VALUES('a055600000A06ZWAAZ','Take the puppers of The Place for Pets for a midday walk!','5.0','1.0','2021-02-04T19:00:00.000Z','Auto-created for Job Recurrence Schedule: JRS-00000.','','a0056000004bMNSAA2','a0356000003Krp9AAC');
INSERT INTO "Volunteer_Shift__c" VALUES('a055600000A06ZXAAZ','Take the puppers of The Place for Pets for a midday walk!','5.0','1.0','2021-02-05T19:00:00.000Z','Auto-created for Job Recurrence Schedule: JRS-00000.','','a0056000004bMNSAA2','a0356000003Krp9AAC');
INSERT INTO "Volunteer_Shift__c" VALUES('a055600000A06ZYAAZ','Take the puppers of The Place for Pets for a midday walk!','5.0','1.0','2021-02-08T19:00:00.000Z','Auto-created for Job Recurrence Schedule: JRS-00000.','','a0056000004bMNSAA2','a0356000003Krp9AAC');
INSERT INTO "Volunteer_Shift__c" VALUES('a055600000A06ZZAAZ','Take the puppers of The Place for Pets for a midday walk!','5.0','1.0','2021-02-09T19:00:00.000Z','Auto-created for Job Recurrence Schedule: JRS-00000.','','a0056000004bMNSAA2','a0356000003Krp9AAC');
INSERT INTO "Volunteer_Shift__c" VALUES('a055600000A06ZaAAJ','Take the puppers of The Place for Pets for a midday walk!','5.0','1.0','2021-02-10T19:00:00.000Z','Auto-created for Job Recurrence Schedule: JRS-00000.','','a0056000004bMNSAA2','a0356000003Krp9AAC');
INSERT INTO "Volunteer_Shift__c" VALUES('a055600000A06ZbAAJ','Take the puppers of The Place for Pets for a midday walk!','5.0','1.0','2021-02-11T19:00:00.000Z','Auto-created for Job Recurrence Schedule: JRS-00000.','','a0056000004bMNSAA2','a0356000003Krp9AAC');
INSERT INTO "Volunteer_Shift__c" VALUES('a055600000A06ZcAAJ','Take the puppers of The Place for Pets for a midday walk!','5.0','1.0','2021-02-12T19:00:00.000Z','Auto-created for Job Recurrence Schedule: JRS-00000.','','a0056000004bMNSAA2','a0356000003Krp9AAC');
INSERT INTO "Volunteer_Shift__c" VALUES('a055600000A06ZdAAJ','Take the puppers of The Place for Pets for a midday walk!','5.0','1.0','2021-02-15T19:00:00.000Z','Auto-created for Job Recurrence Schedule: JRS-00000.','','a0056000004bMNSAA2','a0356000003Krp9AAC');
INSERT INTO "Volunteer_Shift__c" VALUES('a055600000A06ZeAAJ','Take the puppers of The Place for Pets for a midday walk!','5.0','1.0','2021-02-16T19:00:00.000Z','Auto-created for Job Recurrence Schedule: JRS-00000.','','a0056000004bMNSAA2','a0356000003Krp9AAC');
INSERT INTO "Volunteer_Shift__c" VALUES('a055600000A06ZfAAJ','Take the puppers of The Place for Pets for a midday walk!','5.0','1.0','2021-02-17T19:00:00.000Z','Auto-created for Job Recurrence Schedule: JRS-00000.','','a0056000004bMNSAA2','a0356000003Krp9AAC');
INSERT INTO "Volunteer_Shift__c" VALUES('a055600000A06ZgAAJ','Take the puppers of The Place for Pets for a midday walk!','5.0','1.0','2021-02-18T19:00:00.000Z','Auto-created for Job Recurrence Schedule: JRS-00000.','','a0056000004bMNSAA2','a0356000003Krp9AAC');
INSERT INTO "Volunteer_Shift__c" VALUES('a055600000A06ZhAAJ','Take the puppers of The Place for Pets for a midday walk!','5.0','1.0','2021-02-19T19:00:00.000Z','Auto-created for Job Recurrence Schedule: JRS-00000.','','a0056000004bMNSAA2','a0356000003Krp9AAC');
INSERT INTO "Volunteer_Shift__c" VALUES('a055600000A06ZiAAJ','Take the puppers of The Place for Pets for a midday walk!','5.0','1.0','2021-02-22T19:00:00.000Z','Auto-created for Job Recurrence Schedule: JRS-00000.','','a0056000004bMNSAA2','a0356000003Krp9AAC');
INSERT INTO "Volunteer_Shift__c" VALUES('a055600000A06ZjAAJ','Take the puppers of The Place for Pets for a midday walk!','5.0','1.0','2021-02-23T19:00:00.000Z','Auto-created for Job Recurrence Schedule: JRS-00000.','','a0056000004bMNSAA2','a0356000003Krp9AAC');
INSERT INTO "Volunteer_Shift__c" VALUES('a055600000A06ZkAAJ','Take the puppers of The Place for Pets for a midday walk!','5.0','1.0','2021-02-24T19:00:00.000Z','Auto-created for Job Recurrence Schedule: JRS-00000.','','a0056000004bMNSAA2','a0356000003Krp9AAC');
INSERT INTO "Volunteer_Shift__c" VALUES('a055600000A06ZlAAJ','Take the puppers of The Place for Pets for a midday walk!','5.0','1.0','2021-02-25T19:00:00.000Z','Auto-created for Job Recurrence Schedule: JRS-00000.','','a0056000004bMNSAA2','a0356000003Krp9AAC');
INSERT INTO "Volunteer_Shift__c" VALUES('a055600000A06ZmAAJ','Take the puppers of The Place for Pets for a midday walk!','5.0','1.0','2021-02-26T19:00:00.000Z','Auto-created for Job Recurrence Schedule: JRS-00000.','','a0056000004bMNSAA2','a0356000003Krp9AAC');
INSERT INTO "Volunteer_Shift__c" VALUES('a055600000A06ZnAAJ','Take the puppers of The Place for Pets for a midday walk!','5.0','1.0','2021-03-01T19:00:00.000Z','Auto-created for Job Recurrence Schedule: JRS-00000.','','a0056000004bMNSAA2','a0356000003Krp9AAC');
INSERT INTO "Volunteer_Shift__c" VALUES('a055600000A06ZoAAJ','Take the puppers of The Place for Pets for a midday walk!','5.0','1.0','2021-03-02T19:00:00.000Z','Auto-created for Job Recurrence Schedule: JRS-00000.','','a0056000004bMNSAA2','a0356000003Krp9AAC');
INSERT INTO "Volunteer_Shift__c" VALUES('a055600000A06ZpAAJ','Take the puppers of The Place for Pets for a midday walk!','5.0','1.0','2021-03-03T19:00:00.000Z','Auto-created for Job Recurrence Schedule: JRS-00000.','','a0056000004bMNSAA2','a0356000003Krp9AAC');
INSERT INTO "Volunteer_Shift__c" VALUES('a055600000A06ZqAAJ','Take the puppers of The Place for Pets for a midday walk!','5.0','1.0','2021-03-04T19:00:00.000Z','Auto-created for Job Recurrence Schedule: JRS-00000.','','a0056000004bMNSAA2','a0356000003Krp9AAC');
INSERT INTO "Volunteer_Shift__c" VALUES('a055600000A06UxAAJ','Take the puppers of The Place for Pets for a midday walk!','5.0','1.0','2020-01-06T19:00:00.000Z','Auto-created for Job Recurrence Schedule: JRS-00000.','','a0056000004bMNSAA2','a0356000003Krp9AAC');
INSERT INTO "Volunteer_Shift__c" VALUES('a055600000A06UyAAJ','Take the puppers of The Place for Pets for a midday walk!','5.0','1.0','2020-01-07T19:00:00.000Z','Auto-created for Job Recurrence Schedule: JRS-00000.','','a0056000004bMNSAA2','a0356000003Krp9AAC');
INSERT INTO "Volunteer_Shift__c" VALUES('a055600000A06UzAAJ','Take the puppers of The Place for Pets for a midday walk!','5.0','1.0','2020-01-08T19:00:00.000Z','Auto-created for Job Recurrence Schedule: JRS-00000.','','a0056000004bMNSAA2','a0356000003Krp9AAC');
INSERT INTO "Volunteer_Shift__c" VALUES('a055600000A06V0AAJ','Take the puppers of The Place for Pets for a midday walk!','5.0','1.0','2020-01-09T19:00:00.000Z','Auto-created for Job Recurrence Schedule: JRS-00000.','','a0056000004bMNSAA2','a0356000003Krp9AAC');
INSERT INTO "Volunteer_Shift__c" VALUES('a055600000A06V1AAJ','Take the puppers of The Place for Pets for a midday walk!','5.0','1.0','2020-01-10T19:00:00.000Z','Auto-created for Job Recurrence Schedule: JRS-00000.','','a0056000004bMNSAA2','a0356000003Krp9AAC');
INSERT INTO "Volunteer_Shift__c" VALUES('a055600000A06V2AAJ','Take the puppers of The Place for Pets for a midday walk!','5.0','1.0','2020-01-13T19:00:00.000Z','Auto-created for Job Recurrence Schedule: JRS-00000.','','a0056000004bMNSAA2','a0356000003Krp9AAC');
INSERT INTO "Volunteer_Shift__c" VALUES('a055600000A06V3AAJ','Take the puppers of The Place for Pets for a midday walk!','5.0','1.0','2020-01-14T19:00:00.000Z','Auto-created for Job Recurrence Schedule: JRS-00000.','','a0056000004bMNSAA2','a0356000003Krp9AAC');
INSERT INTO "Volunteer_Shift__c" VALUES('a055600000A06V4AAJ','Take the puppers of The Place for Pets for a midday walk!','5.0','1.0','2020-01-15T19:00:00.000Z','Auto-created for Job Recurrence Schedule: JRS-00000.','','a0056000004bMNSAA2','a0356000003Krp9AAC');
INSERT INTO "Volunteer_Shift__c" VALUES('a055600000A06V5AAJ','Take the puppers of The Place for Pets for a midday walk!','5.0','1.0','2020-01-16T19:00:00.000Z','Auto-created for Job Recurrence Schedule: JRS-00000.','','a0056000004bMNSAA2','a0356000003Krp9AAC');
INSERT INTO "Volunteer_Shift__c" VALUES('a055600000A06V6AAJ','Take the puppers of The Place for Pets for a midday walk!','5.0','1.0','2020-01-17T19:00:00.000Z','Auto-created for Job Recurrence Schedule: JRS-00000.','','a0056000004bMNSAA2','a0356000003Krp9AAC');
INSERT INTO "Volunteer_Shift__c" VALUES('a055600000A06V7AAJ','Take the puppers of The Place for Pets for a midday walk!','5.0','1.0','2020-01-20T19:00:00.000Z','Auto-created for Job Recurrence Schedule: JRS-00000.','','a0056000004bMNSAA2','a0356000003Krp9AAC');
INSERT INTO "Volunteer_Shift__c" VALUES('a055600000A06V8AAJ','Take the puppers of The Place for Pets for a midday walk!','5.0','1.0','2020-01-21T19:00:00.000Z','Auto-created for Job Recurrence Schedule: JRS-00000.','','a0056000004bMNSAA2','a0356000003Krp9AAC');
INSERT INTO "Volunteer_Shift__c" VALUES('a055600000A06V9AAJ','Take the puppers of The Place for Pets for a midday walk!','5.0','1.0','2020-01-22T19:00:00.000Z','Auto-created for Job Recurrence Schedule: JRS-00000.','','a0056000004bMNSAA2','a0356000003Krp9AAC');
INSERT INTO "Volunteer_Shift__c" VALUES('a055600000A06VAAAZ','Take the puppers of The Place for Pets for a midday walk!','5.0','1.0','2020-01-23T19:00:00.000Z','Auto-created for Job Recurrence Schedule: JRS-00000.','','a0056000004bMNSAA2','a0356000003Krp9AAC');
INSERT INTO "Volunteer_Shift__c" VALUES('a055600000A06VBAAZ','Take the puppers of The Place for Pets for a midday walk!','5.0','1.0','2020-01-24T19:00:00.000Z','Auto-created for Job Recurrence Schedule: JRS-00000.','','a0056000004bMNSAA2','a0356000003Krp9AAC');
INSERT INTO "Volunteer_Shift__c" VALUES('a055600000A06VCAAZ','Take the puppers of The Place for Pets for a midday walk!','5.0','1.0','2020-01-27T19:00:00.000Z','Auto-created for Job Recurrence Schedule: JRS-00000.','','a0056000004bMNSAA2','a0356000003Krp9AAC');
INSERT INTO "Volunteer_Shift__c" VALUES('a055600000A06VDAAZ','Take the puppers of The Place for Pets for a midday walk!','5.0','1.0','2020-01-28T19:00:00.000Z','Auto-created for Job Recurrence Schedule: JRS-00000.','','a0056000004bMNSAA2','a0356000003Krp9AAC');
INSERT INTO "Volunteer_Shift__c" VALUES('a055600000A06VEAAZ','Take the puppers of The Place for Pets for a midday walk!','5.0','1.0','2020-01-29T19:00:00.000Z','Auto-created for Job Recurrence Schedule: JRS-00000.','','a0056000004bMNSAA2','a0356000003Krp9AAC');
INSERT INTO "Volunteer_Shift__c" VALUES('a055600000A06VFAAZ','Take the puppers of The Place for Pets for a midday walk!','5.0','1.0','2020-01-30T19:00:00.000Z','Auto-created for Job Recurrence Schedule: JRS-00000.','','a0056000004bMNSAA2','a0356000003Krp9AAC');
INSERT INTO "Volunteer_Shift__c" VALUES('a055600000A06ZrAAJ','Take the puppers of The Place for Pets for a midday walk!','5.0','1.0','2021-03-05T19:00:00.000Z','Auto-created for Job Recurrence Schedule: JRS-00000.','','a0056000004bMNSAA2','a0356000003Krp9AAC');
INSERT INTO "Volunteer_Shift__c" VALUES('a055600000A06ZsAAJ','Take the puppers of The Place for Pets for a midday walk!','5.0','1.0','2021-03-08T19:00:00.000Z','Auto-created for Job Recurrence Schedule: JRS-00000.','','a0056000004bMNSAA2','a0356000003Krp9AAC');
INSERT INTO "Volunteer_Shift__c" VALUES('a055600000A06ZtAAJ','Take the puppers of The Place for Pets for a midday walk!','5.0','1.0','2021-03-09T19:00:00.000Z','Auto-created for Job Recurrence Schedule: JRS-00000.','','a0056000004bMNSAA2','a0356000003Krp9AAC');
INSERT INTO "Volunteer_Shift__c" VALUES('a055600000A06ZuAAJ','Take the puppers of The Place for Pets for a midday walk!','5.0','1.0','2021-03-10T19:00:00.000Z','Auto-created for Job Recurrence Schedule: JRS-00000.','','a0056000004bMNSAA2','a0356000003Krp9AAC');
INSERT INTO "Volunteer_Shift__c" VALUES('a055600000A06ZvAAJ','Take the puppers of The Place for Pets for a midday walk!','5.0','1.0','2021-03-11T19:00:00.000Z','Auto-created for Job Recurrence Schedule: JRS-00000.','','a0056000004bMNSAA2','a0356000003Krp9AAC');
INSERT INTO "Volunteer_Shift__c" VALUES('a055600000A06ZwAAJ','Take the puppers of The Place for Pets for a midday walk!','5.0','1.0','2021-03-12T19:00:00.000Z','Auto-created for Job Recurrence Schedule: JRS-00000.','','a0056000004bMNSAA2','a0356000003Krp9AAC');
INSERT INTO "Volunteer_Shift__c" VALUES('a055600000A06ZxAAJ','Take the puppers of The Place for Pets for a midday walk!','5.0','1.0','2021-03-15T18:00:00.000Z','Auto-created for Job Recurrence Schedule: JRS-00000.','','a0056000004bMNSAA2','a0356000003Krp9AAC');
INSERT INTO "Volunteer_Shift__c" VALUES('a055600000A06ZyAAJ','Take the puppers of The Place for Pets for a midday walk!','5.0','1.0','2021-03-16T18:00:00.000Z','Auto-created for Job Recurrence Schedule: JRS-00000.','','a0056000004bMNSAA2','a0356000003Krp9AAC');
INSERT INTO "Volunteer_Shift__c" VALUES('a055600000A06ZzAAJ','Take the puppers of The Place for Pets for a midday walk!','5.0','1.0','2021-03-17T18:00:00.000Z','Auto-created for Job Recurrence Schedule: JRS-00000.','','a0056000004bMNSAA2','a0356000003Krp9AAC');
INSERT INTO "Volunteer_Shift__c" VALUES('a055600000A06a0AAB','Take the puppers of The Place for Pets for a midday walk!','5.0','1.0','2021-03-18T18:00:00.000Z','Auto-created for Job Recurrence Schedule: JRS-00000.','','a0056000004bMNSAA2','a0356000003Krp9AAC');
INSERT INTO "Volunteer_Shift__c" VALUES('a055600000A06a1AAB','Take the puppers of The Place for Pets for a midday walk!','5.0','1.0','2021-03-19T18:00:00.000Z','Auto-created for Job Recurrence Schedule: JRS-00000.','','a0056000004bMNSAA2','a0356000003Krp9AAC');
INSERT INTO "Volunteer_Shift__c" VALUES('a055600000A06a2AAB','Take the puppers of The Place for Pets for a midday walk!','5.0','1.0','2021-03-22T18:00:00.000Z','Auto-created for Job Recurrence Schedule: JRS-00000.','','a0056000004bMNSAA2','a0356000003Krp9AAC');
INSERT INTO "Volunteer_Shift__c" VALUES('a055600000A06a3AAB','Take the puppers of The Place for Pets for a midday walk!','5.0','1.0','2021-03-23T18:00:00.000Z','Auto-created for Job Recurrence Schedule: JRS-00000.','','a0056000004bMNSAA2','a0356000003Krp9AAC');
INSERT INTO "Volunteer_Shift__c" VALUES('a055600000A06a4AAB','Take the puppers of The Place for Pets for a midday walk!','5.0','1.0','2021-03-24T18:00:00.000Z','Auto-created for Job Recurrence Schedule: JRS-00000.','','a0056000004bMNSAA2','a0356000003Krp9AAC');
INSERT INTO "Volunteer_Shift__c" VALUES('a055600000A06a5AAB','Take the puppers of The Place for Pets for a midday walk!','5.0','1.0','2021-03-25T18:00:00.000Z','Auto-created for Job Recurrence Schedule: JRS-00000.','','a0056000004bMNSAA2','a0356000003Krp9AAC');
INSERT INTO "Volunteer_Shift__c" VALUES('a055600000A06a6AAB','Take the puppers of The Place for Pets for a midday walk!','5.0','1.0','2021-03-26T18:00:00.000Z','Auto-created for Job Recurrence Schedule: JRS-00000.','','a0056000004bMNSAA2','a0356000003Krp9AAC');
INSERT INTO "Volunteer_Shift__c" VALUES('a055600000A06a7AAB','Take the puppers of The Place for Pets for a midday walk!','5.0','1.0','2021-03-29T18:00:00.000Z','Auto-created for Job Recurrence Schedule: JRS-00000.','','a0056000004bMNSAA2','a0356000003Krp9AAC');
INSERT INTO "Volunteer_Shift__c" VALUES('a055600000A06a8AAB','Take the puppers of The Place for Pets for a midday walk!','5.0','1.0','2021-03-30T18:00:00.000Z','Auto-created for Job Recurrence Schedule: JRS-00000.','','a0056000004bMNSAA2','a0356000003Krp9AAC');
INSERT INTO "Volunteer_Shift__c" VALUES('a055600000A06a9AAB','Take the puppers of The Place for Pets for a midday walk!','5.0','1.0','2021-03-31T18:00:00.000Z','Auto-created for Job Recurrence Schedule: JRS-00000.','','a0056000004bMNSAA2','a0356000003Krp9AAC');
INSERT INTO "Volunteer_Shift__c" VALUES('a055600000A06aAAAR','Take the puppers of The Place for Pets for a midday walk!','5.0','1.0','2021-04-01T18:00:00.000Z','Auto-created for Job Recurrence Schedule: JRS-00000.','','a0056000004bMNSAA2','a0356000003Krp9AAC');
INSERT INTO "Volunteer_Shift__c" VALUES('a055600000A06aBAAR','Take the puppers of The Place for Pets for a midday walk!','5.0','1.0','2021-04-02T18:00:00.000Z','Auto-created for Job Recurrence Schedule: JRS-00000.','','a0056000004bMNSAA2','a0356000003Krp9AAC');
INSERT INTO "Volunteer_Shift__c" VALUES('a055600000A06aCAAR','Take the puppers of The Place for Pets for a midday walk!','5.0','1.0','2021-04-05T18:00:00.000Z','Auto-created for Job Recurrence Schedule: JRS-00000.','','a0056000004bMNSAA2','a0356000003Krp9AAC');
INSERT INTO "Volunteer_Shift__c" VALUES('a055600000A06aDAAR','Take the puppers of The Place for Pets for a midday walk!','5.0','1.0','2021-04-06T18:00:00.000Z','Auto-created for Job Recurrence Schedule: JRS-00000.','','a0056000004bMNSAA2','a0356000003Krp9AAC');
INSERT INTO "Volunteer_Shift__c" VALUES('a055600000A06VGAAZ','Take the puppers of The Place for Pets for a midday walk!','5.0','1.0','2020-01-31T19:00:00.000Z','Auto-created for Job Recurrence Schedule: JRS-00000.','','a0056000004bMNSAA2','a0356000003Krp9AAC');
INSERT INTO "Volunteer_Shift__c" VALUES('a055600000A06VHAAZ','Take the puppers of The Place for Pets for a midday walk!','5.0','1.0','2020-02-03T19:00:00.000Z','Auto-created for Job Recurrence Schedule: JRS-00000.','','a0056000004bMNSAA2','a0356000003Krp9AAC');
INSERT INTO "Volunteer_Shift__c" VALUES('a055600000A06VIAAZ','Take the puppers of The Place for Pets for a midday walk!','5.0','1.0','2020-02-04T19:00:00.000Z','Auto-created for Job Recurrence Schedule: JRS-00000.','','a0056000004bMNSAA2','a0356000003Krp9AAC');
INSERT INTO "Volunteer_Shift__c" VALUES('a055600000A06VJAAZ','Take the puppers of The Place for Pets for a midday walk!','5.0','1.0','2020-02-05T19:00:00.000Z','Auto-created for Job Recurrence Schedule: JRS-00000.','','a0056000004bMNSAA2','a0356000003Krp9AAC');
INSERT INTO "Volunteer_Shift__c" VALUES('a055600000A06VKAAZ','Take the puppers of The Place for Pets for a midday walk!','5.0','1.0','2020-02-06T19:00:00.000Z','Auto-created for Job Recurrence Schedule: JRS-00000.','','a0056000004bMNSAA2','a0356000003Krp9AAC');
INSERT INTO "Volunteer_Shift__c" VALUES('a055600000A06VLAAZ','Take the puppers of The Place for Pets for a midday walk!','5.0','1.0','2020-02-07T19:00:00.000Z','Auto-created for Job Recurrence Schedule: JRS-00000.','','a0056000004bMNSAA2','a0356000003Krp9AAC');
INSERT INTO "Volunteer_Shift__c" VALUES('a055600000A06VMAAZ','Take the puppers of The Place for Pets for a midday walk!','5.0','1.0','2020-02-10T19:00:00.000Z','Auto-created for Job Recurrence Schedule: JRS-00000.','','a0056000004bMNSAA2','a0356000003Krp9AAC');
INSERT INTO "Volunteer_Shift__c" VALUES('a055600000A06VNAAZ','Take the puppers of The Place for Pets for a midday walk!','5.0','1.0','2020-02-11T19:00:00.000Z','Auto-created for Job Recurrence Schedule: JRS-00000.','','a0056000004bMNSAA2','a0356000003Krp9AAC');
INSERT INTO "Volunteer_Shift__c" VALUES('a055600000A06VOAAZ','Take the puppers of The Place for Pets for a midday walk!','5.0','1.0','2020-02-12T19:00:00.000Z','Auto-created for Job Recurrence Schedule: JRS-00000.','','a0056000004bMNSAA2','a0356000003Krp9AAC');
INSERT INTO "Volunteer_Shift__c" VALUES('a055600000A06VPAAZ','Take the puppers of The Place for Pets for a midday walk!','5.0','1.0','2020-02-13T19:00:00.000Z','Auto-created for Job Recurrence Schedule: JRS-00000.','','a0056000004bMNSAA2','a0356000003Krp9AAC');
INSERT INTO "Volunteer_Shift__c" VALUES('a055600000A06VQAAZ','Take the puppers of The Place for Pets for a midday walk!','5.0','1.0','2020-02-14T19:00:00.000Z','Auto-created for Job Recurrence Schedule: JRS-00000.','','a0056000004bMNSAA2','a0356000003Krp9AAC');
INSERT INTO "Volunteer_Shift__c" VALUES('a055600000A06VRAAZ','Take the puppers of The Place for Pets for a midday walk!','5.0','1.0','2020-02-17T19:00:00.000Z','Auto-created for Job Recurrence Schedule: JRS-00000.','','a0056000004bMNSAA2','a0356000003Krp9AAC');
INSERT INTO "Volunteer_Shift__c" VALUES('a055600000A06VSAAZ','Take the puppers of The Place for Pets for a midday walk!','5.0','1.0','2020-02-18T19:00:00.000Z','Auto-created for Job Recurrence Schedule: JRS-00000.','','a0056000004bMNSAA2','a0356000003Krp9AAC');
INSERT INTO "Volunteer_Shift__c" VALUES('a055600000A06VTAAZ','Take the puppers of The Place for Pets for a midday walk!','5.0','1.0','2020-02-19T19:00:00.000Z','Auto-created for Job Recurrence Schedule: JRS-00000.','','a0056000004bMNSAA2','a0356000003Krp9AAC');
INSERT INTO "Volunteer_Shift__c" VALUES('a055600000A06VUAAZ','Take the puppers of The Place for Pets for a midday walk!','5.0','1.0','2020-02-20T19:00:00.000Z','Auto-created for Job Recurrence Schedule: JRS-00000.','','a0056000004bMNSAA2','a0356000003Krp9AAC');
INSERT INTO "Volunteer_Shift__c" VALUES('a055600000A06VVAAZ','Take the puppers of The Place for Pets for a midday walk!','5.0','1.0','2020-02-21T19:00:00.000Z','Auto-created for Job Recurrence Schedule: JRS-00000.','','a0056000004bMNSAA2','a0356000003Krp9AAC');
INSERT INTO "Volunteer_Shift__c" VALUES('a055600000A06VWAAZ','Take the puppers of The Place for Pets for a midday walk!','5.0','1.0','2020-02-24T19:00:00.000Z','Auto-created for Job Recurrence Schedule: JRS-00000.','','a0056000004bMNSAA2','a0356000003Krp9AAC');
INSERT INTO "Volunteer_Shift__c" VALUES('a055600000A06VXAAZ','Take the puppers of The Place for Pets for a midday walk!','5.0','1.0','2020-02-25T19:00:00.000Z','Auto-created for Job Recurrence Schedule: JRS-00000.','','a0056000004bMNSAA2','a0356000003Krp9AAC');
INSERT INTO "Volunteer_Shift__c" VALUES('a055600000A06VYAAZ','Take the puppers of The Place for Pets for a midday walk!','5.0','1.0','2020-02-26T19:00:00.000Z','Auto-created for Job Recurrence Schedule: JRS-00000.','','a0056000004bMNSAA2','a0356000003Krp9AAC');
INSERT INTO "Volunteer_Shift__c" VALUES('a055600000A06VZAAZ','Take the puppers of The Place for Pets for a midday walk!','5.0','1.0','2020-02-27T19:00:00.000Z','Auto-created for Job Recurrence Schedule: JRS-00000.','','a0056000004bMNSAA2','a0356000003Krp9AAC');
INSERT INTO "Volunteer_Shift__c" VALUES('a055600000A06VaAAJ','Take the puppers of The Place for Pets for a midday walk!','5.0','1.0','2020-02-28T19:00:00.000Z','Auto-created for Job Recurrence Schedule: JRS-00000.','','a0056000004bMNSAA2','a0356000003Krp9AAC');
INSERT INTO "Volunteer_Shift__c" VALUES('a055600000A06VbAAJ','Take the puppers of The Place for Pets for a midday walk!','5.0','1.0','2020-03-02T19:00:00.000Z','Auto-created for Job Recurrence Schedule: JRS-00000.','','a0056000004bMNSAA2','a0356000003Krp9AAC');
INSERT INTO "Volunteer_Shift__c" VALUES('a055600000A06aEAAR','Take the puppers of The Place for Pets for a midday walk!','5.0','1.0','2021-04-07T18:00:00.000Z','Auto-created for Job Recurrence Schedule: JRS-00000.','','a0056000004bMNSAA2','a0356000003Krp9AAC');
INSERT INTO "Volunteer_Shift__c" VALUES('a055600000A06aFAAR','Take the puppers of The Place for Pets for a midday walk!','5.0','1.0','2021-04-08T18:00:00.000Z','Auto-created for Job Recurrence Schedule: JRS-00000.','','a0056000004bMNSAA2','a0356000003Krp9AAC');
INSERT INTO "Volunteer_Shift__c" VALUES('a055600000A06aGAAR','Take the puppers of The Place for Pets for a midday walk!','5.0','1.0','2021-04-09T18:00:00.000Z','Auto-created for Job Recurrence Schedule: JRS-00000.','','a0056000004bMNSAA2','a0356000003Krp9AAC');
INSERT INTO "Volunteer_Shift__c" VALUES('a055600000A06aHAAR','Take the puppers of The Place for Pets for a midday walk!','5.0','1.0','2021-04-12T18:00:00.000Z','Auto-created for Job Recurrence Schedule: JRS-00000.','','a0056000004bMNSAA2','a0356000003Krp9AAC');
INSERT INTO "Volunteer_Shift__c" VALUES('a055600000A06aIAAR','Take the puppers of The Place for Pets for a midday walk!','5.0','1.0','2021-04-13T18:00:00.000Z','Auto-created for Job Recurrence Schedule: JRS-00000.','','a0056000004bMNSAA2','a0356000003Krp9AAC');
INSERT INTO "Volunteer_Shift__c" VALUES('a055600000A06aJAAR','Take the puppers of The Place for Pets for a midday walk!','5.0','1.0','2021-04-14T18:00:00.000Z','Auto-created for Job Recurrence Schedule: JRS-00000.','','a0056000004bMNSAA2','a0356000003Krp9AAC');
INSERT INTO "Volunteer_Shift__c" VALUES('a055600000A06aKAAR','Take the puppers of The Place for Pets for a midday walk!','5.0','1.0','2021-04-15T18:00:00.000Z','Auto-created for Job Recurrence Schedule: JRS-00000.','','a0056000004bMNSAA2','a0356000003Krp9AAC');
INSERT INTO "Volunteer_Shift__c" VALUES('a055600000A06aLAAR','Take the puppers of The Place for Pets for a midday walk!','5.0','1.0','2021-04-16T18:00:00.000Z','Auto-created for Job Recurrence Schedule: JRS-00000.','','a0056000004bMNSAA2','a0356000003Krp9AAC');
INSERT INTO "Volunteer_Shift__c" VALUES('a055600000A06aMAAR','Take the puppers of The Place for Pets for a midday walk!','5.0','1.0','2021-04-19T18:00:00.000Z','Auto-created for Job Recurrence Schedule: JRS-00000.','','a0056000004bMNSAA2','a0356000003Krp9AAC');
INSERT INTO "Volunteer_Shift__c" VALUES('a055600000A06aNAAR','Take the puppers of The Place for Pets for a midday walk!','5.0','1.0','2021-04-20T18:00:00.000Z','Auto-created for Job Recurrence Schedule: JRS-00000.','','a0056000004bMNSAA2','a0356000003Krp9AAC');
INSERT INTO "Volunteer_Shift__c" VALUES('a055600000A06aOAAR','Take the puppers of The Place for Pets for a midday walk!','5.0','1.0','2021-04-21T18:00:00.000Z','Auto-created for Job Recurrence Schedule: JRS-00000.','','a0056000004bMNSAA2','a0356000003Krp9AAC');
INSERT INTO "Volunteer_Shift__c" VALUES('a055600000A06aPAAR','Take the puppers of The Place for Pets for a midday walk!','5.0','1.0','2021-04-22T18:00:00.000Z','Auto-created for Job Recurrence Schedule: JRS-00000.','','a0056000004bMNSAA2','a0356000003Krp9AAC');
INSERT INTO "Volunteer_Shift__c" VALUES('a055600000A06aQAAR','Take the puppers of The Place for Pets for a midday walk!','5.0','1.0','2021-04-23T18:00:00.000Z','Auto-created for Job Recurrence Schedule: JRS-00000.','','a0056000004bMNSAA2','a0356000003Krp9AAC');
INSERT INTO "Volunteer_Shift__c" VALUES('a055600000A06aRAAR','Take the puppers of The Place for Pets for a midday walk!','5.0','1.0','2021-04-26T18:00:00.000Z','Auto-created for Job Recurrence Schedule: JRS-00000.','','a0056000004bMNSAA2','a0356000003Krp9AAC');
INSERT INTO "Volunteer_Shift__c" VALUES('a055600000A06aSAAR','Take the puppers of The Place for Pets for a midday walk!','5.0','1.0','2021-04-27T18:00:00.000Z','Auto-created for Job Recurrence Schedule: JRS-00000.','','a0056000004bMNSAA2','a0356000003Krp9AAC');
INSERT INTO "Volunteer_Shift__c" VALUES('a055600000A06aTAAR','Take the puppers of The Place for Pets for a midday walk!','5.0','1.0','2021-04-28T18:00:00.000Z','Auto-created for Job Recurrence Schedule: JRS-00000.','','a0056000004bMNSAA2','a0356000003Krp9AAC');
INSERT INTO "Volunteer_Shift__c" VALUES('a055600000A06aUAAR','Take the puppers of The Place for Pets for a midday walk!','5.0','1.0','2021-04-29T18:00:00.000Z','Auto-created for Job Recurrence Schedule: JRS-00000.','','a0056000004bMNSAA2','a0356000003Krp9AAC');
INSERT INTO "Volunteer_Shift__c" VALUES('a055600000A06aVAAR','Take the puppers of The Place for Pets for a midday walk!','5.0','1.0','2021-04-30T18:00:00.000Z','Auto-created for Job Recurrence Schedule: JRS-00000.','','a0056000004bMNSAA2','a0356000003Krp9AAC');
INSERT INTO "Volunteer_Shift__c" VALUES('a055600000A06aWAAR','Take the puppers of The Place for Pets for a midday walk!','5.0','1.0','2021-05-03T18:00:00.000Z','Auto-created for Job Recurrence Schedule: JRS-00000.','','a0056000004bMNSAA2','a0356000003Krp9AAC');
INSERT INTO "Volunteer_Shift__c" VALUES('a055600000A06aXAAR','Take the puppers of The Place for Pets for a midday walk!','5.0','1.0','2021-05-04T18:00:00.000Z','Auto-created for Job Recurrence Schedule: JRS-00000.','','a0056000004bMNSAA2','a0356000003Krp9AAC');
INSERT INTO "Volunteer_Shift__c" VALUES('a055600000A06aYAAR','Take the puppers of The Place for Pets for a midday walk!','5.0','1.0','2021-05-05T18:00:00.000Z','Auto-created for Job Recurrence Schedule: JRS-00000.','','a0056000004bMNSAA2','a0356000003Krp9AAC');
INSERT INTO "Volunteer_Shift__c" VALUES('a055600000A06aZAAR','Take the puppers of The Place for Pets for a midday walk!','5.0','1.0','2021-05-06T18:00:00.000Z','Auto-created for Job Recurrence Schedule: JRS-00000.','','a0056000004bMNSAA2','a0356000003Krp9AAC');
INSERT INTO "Volunteer_Shift__c" VALUES('a055600000A06VfAAJ','Take the puppers of The Place for Pets for a midday walk!','5.0','1.0','2020-03-06T19:00:00.000Z','Auto-created for Job Recurrence Schedule: JRS-00000.','','a0056000004bMNSAA2','a0356000003Krp9AAC');
INSERT INTO "Volunteer_Shift__c" VALUES('a055600000A06VgAAJ','Take the puppers of The Place for Pets for a midday walk!','5.0','1.0','2020-03-09T18:00:00.000Z','Auto-created for Job Recurrence Schedule: JRS-00000.','','a0056000004bMNSAA2','a0356000003Krp9AAC');
INSERT INTO "Volunteer_Shift__c" VALUES('a055600000A06VhAAJ','Take the puppers of The Place for Pets for a midday walk!','5.0','1.0','2020-03-10T18:00:00.000Z','Auto-created for Job Recurrence Schedule: JRS-00000.','','a0056000004bMNSAA2','a0356000003Krp9AAC');
INSERT INTO "Volunteer_Shift__c" VALUES('a055600000A06ViAAJ','Take the puppers of The Place for Pets for a midday walk!','5.0','1.0','2020-03-11T18:00:00.000Z','Auto-created for Job Recurrence Schedule: JRS-00000.','','a0056000004bMNSAA2','a0356000003Krp9AAC');
INSERT INTO "Volunteer_Shift__c" VALUES('a055600000A06VjAAJ','Take the puppers of The Place for Pets for a midday walk!','5.0','1.0','2020-03-12T18:00:00.000Z','Auto-created for Job Recurrence Schedule: JRS-00000.','','a0056000004bMNSAA2','a0356000003Krp9AAC');
INSERT INTO "Volunteer_Shift__c" VALUES('a055600000A06VkAAJ','Take the puppers of The Place for Pets for a midday walk!','5.0','1.0','2020-03-13T18:00:00.000Z','Auto-created for Job Recurrence Schedule: JRS-00000.','','a0056000004bMNSAA2','a0356000003Krp9AAC');
INSERT INTO "Volunteer_Shift__c" VALUES('a055600000A06VlAAJ','Take the puppers of The Place for Pets for a midday walk!','5.0','1.0','2020-03-16T18:00:00.000Z','Auto-created for Job Recurrence Schedule: JRS-00000.','','a0056000004bMNSAA2','a0356000003Krp9AAC');
INSERT INTO "Volunteer_Shift__c" VALUES('a055600000A06VmAAJ','Take the puppers of The Place for Pets for a midday walk!','5.0','1.0','2020-03-17T18:00:00.000Z','Auto-created for Job Recurrence Schedule: JRS-00000.','','a0056000004bMNSAA2','a0356000003Krp9AAC');
INSERT INTO "Volunteer_Shift__c" VALUES('a055600000A06VnAAJ','Take the puppers of The Place for Pets for a midday walk!','5.0','1.0','2020-03-18T18:00:00.000Z','Auto-created for Job Recurrence Schedule: JRS-00000.','','a0056000004bMNSAA2','a0356000003Krp9AAC');
INSERT INTO "Volunteer_Shift__c" VALUES('a055600000A06VoAAJ','Take the puppers of The Place for Pets for a midday walk!','5.0','1.0','2020-03-19T18:00:00.000Z','Auto-created for Job Recurrence Schedule: JRS-00000.','','a0056000004bMNSAA2','a0356000003Krp9AAC');
INSERT INTO "Volunteer_Shift__c" VALUES('a055600000A06VpAAJ','Take the puppers of The Place for Pets for a midday walk!','5.0','1.0','2020-03-20T18:00:00.000Z','Auto-created for Job Recurrence Schedule: JRS-00000.','','a0056000004bMNSAA2','a0356000003Krp9AAC');
INSERT INTO "Volunteer_Shift__c" VALUES('a055600000A06VqAAJ','Take the puppers of The Place for Pets for a midday walk!','5.0','1.0','2020-03-23T18:00:00.000Z','Auto-created for Job Recurrence Schedule: JRS-00000.','','a0056000004bMNSAA2','a0356000003Krp9AAC');
INSERT INTO "Volunteer_Shift__c" VALUES('a055600000A06VrAAJ','Take the puppers of The Place for Pets for a midday walk!','5.0','1.0','2020-03-24T18:00:00.000Z','Auto-created for Job Recurrence Schedule: JRS-00000.','','a0056000004bMNSAA2','a0356000003Krp9AAC');
INSERT INTO "Volunteer_Shift__c" VALUES('a055600000A06VsAAJ','Take the puppers of The Place for Pets for a midday walk!','5.0','1.0','2020-03-25T18:00:00.000Z','Auto-created for Job Recurrence Schedule: JRS-00000.','','a0056000004bMNSAA2','a0356000003Krp9AAC');
INSERT INTO "Volunteer_Shift__c" VALUES('a055600000A06VtAAJ','Take the puppers of The Place for Pets for a midday walk!','5.0','1.0','2020-03-26T18:00:00.000Z','Auto-created for Job Recurrence Schedule: JRS-00000.','','a0056000004bMNSAA2','a0356000003Krp9AAC');
INSERT INTO "Volunteer_Shift__c" VALUES('a055600000A06VcAAJ','Take the puppers of The Place for Pets for a midday walk!','5.0','1.0','2020-03-03T19:00:00.000Z','Auto-created for Job Recurrence Schedule: JRS-00000.','','a0056000004bMNSAA2','a0356000003Krp9AAC');
INSERT INTO "Volunteer_Shift__c" VALUES('a055600000A06VdAAJ','Take the puppers of The Place for Pets for a midday walk!','5.0','1.0','2020-03-04T19:00:00.000Z','Auto-created for Job Recurrence Schedule: JRS-00000.','','a0056000004bMNSAA2','a0356000003Krp9AAC');
INSERT INTO "Volunteer_Shift__c" VALUES('a055600000A06VeAAJ','Take the puppers of The Place for Pets for a midday walk!','5.0','1.0','2020-03-05T19:00:00.000Z','Auto-created for Job Recurrence Schedule: JRS-00000.','','a0056000004bMNSAA2','a0356000003Krp9AAC');
INSERT INTO "Volunteer_Shift__c" VALUES('a055600000A06VuAAJ','Take the puppers of The Place for Pets for a midday walk!','5.0','1.0','2020-03-27T18:00:00.000Z','Auto-created for Job Recurrence Schedule: JRS-00000.','','a0056000004bMNSAA2','a0356000003Krp9AAC');
INSERT INTO "Volunteer_Shift__c" VALUES('a055600000A06VvAAJ','Take the puppers of The Place for Pets for a midday walk!','5.0','1.0','2020-03-30T18:00:00.000Z','Auto-created for Job Recurrence Schedule: JRS-00000.','','a0056000004bMNSAA2','a0356000003Krp9AAC');
INSERT INTO "Volunteer_Shift__c" VALUES('a055600000A06VwAAJ','Take the puppers of The Place for Pets for a midday walk!','5.0','1.0','2020-03-31T18:00:00.000Z','Auto-created for Job Recurrence Schedule: JRS-00000.','','a0056000004bMNSAA2','a0356000003Krp9AAC');
INSERT INTO "Volunteer_Shift__c" VALUES('a055600000A06VxAAJ','Take the puppers of The Place for Pets for a midday walk!','5.0','1.0','2020-04-01T18:00:00.000Z','Auto-created for Job Recurrence Schedule: JRS-00000.','','a0056000004bMNSAA2','a0356000003Krp9AAC');
INSERT INTO "Volunteer_Shift__c" VALUES('a055600000A06aaAAB','Take the puppers of The Place for Pets for a midday walk!','5.0','1.0','2021-05-07T18:00:00.000Z','Auto-created for Job Recurrence Schedule: JRS-00000.','','a0056000004bMNSAA2','a0356000003Krp9AAC');
INSERT INTO "Volunteer_Shift__c" VALUES('a055600000A06abAAB','Take the puppers of The Place for Pets for a midday walk!','5.0','1.0','2021-05-10T18:00:00.000Z','Auto-created for Job Recurrence Schedule: JRS-00000.','','a0056000004bMNSAA2','a0356000003Krp9AAC');
INSERT INTO "Volunteer_Shift__c" VALUES('a055600000A06acAAB','Take the puppers of The Place for Pets for a midday walk!','5.0','1.0','2021-05-11T18:00:00.000Z','Auto-created for Job Recurrence Schedule: JRS-00000.','','a0056000004bMNSAA2','a0356000003Krp9AAC');
INSERT INTO "Volunteer_Shift__c" VALUES('a055600000A06adAAB','Take the puppers of The Place for Pets for a midday walk!','5.0','1.0','2021-05-12T18:00:00.000Z','Auto-created for Job Recurrence Schedule: JRS-00000.','','a0056000004bMNSAA2','a0356000003Krp9AAC');
INSERT INTO "Volunteer_Shift__c" VALUES('a055600000A06aeAAB','Take the puppers of The Place for Pets for a midday walk!','5.0','1.0','2021-05-13T18:00:00.000Z','Auto-created for Job Recurrence Schedule: JRS-00000.','','a0056000004bMNSAA2','a0356000003Krp9AAC');
INSERT INTO "Volunteer_Shift__c" VALUES('a055600000A06afAAB','Take the puppers of The Place for Pets for a midday walk!','5.0','1.0','2021-05-14T18:00:00.000Z','Auto-created for Job Recurrence Schedule: JRS-00000.','','a0056000004bMNSAA2','a0356000003Krp9AAC');
INSERT INTO "Volunteer_Shift__c" VALUES('a055600000A06agAAB','Take the puppers of The Place for Pets for a midday walk!','5.0','1.0','2021-05-17T18:00:00.000Z','Auto-created for Job Recurrence Schedule: JRS-00000.','','a0056000004bMNSAA2','a0356000003Krp9AAC');
INSERT INTO "Volunteer_Shift__c" VALUES('a055600000A06ahAAB','Take the puppers of The Place for Pets for a midday walk!','5.0','1.0','2021-05-18T18:00:00.000Z','Auto-created for Job Recurrence Schedule: JRS-00000.','','a0056000004bMNSAA2','a0356000003Krp9AAC');
INSERT INTO "Volunteer_Shift__c" VALUES('a055600000A06aiAAB','Take the puppers of The Place for Pets for a midday walk!','5.0','1.0','2021-05-19T18:00:00.000Z','Auto-created for Job Recurrence Schedule: JRS-00000.','','a0056000004bMNSAA2','a0356000003Krp9AAC');
INSERT INTO "Volunteer_Shift__c" VALUES('a055600000A06ajAAB','Take the puppers of The Place for Pets for a midday walk!','5.0','1.0','2021-05-20T18:00:00.000Z','Auto-created for Job Recurrence Schedule: JRS-00000.','','a0056000004bMNSAA2','a0356000003Krp9AAC');
INSERT INTO "Volunteer_Shift__c" VALUES('a055600000A06akAAB','Take the puppers of The Place for Pets for a midday walk!','5.0','1.0','2021-05-21T18:00:00.000Z','Auto-created for Job Recurrence Schedule: JRS-00000.','','a0056000004bMNSAA2','a0356000003Krp9AAC');
INSERT INTO "Volunteer_Shift__c" VALUES('a055600000A06alAAB','Take the puppers of The Place for Pets for a midday walk!','5.0','1.0','2021-05-24T18:00:00.000Z','Auto-created for Job Recurrence Schedule: JRS-00000.','','a0056000004bMNSAA2','a0356000003Krp9AAC');
INSERT INTO "Volunteer_Shift__c" VALUES('a055600000A06amAAB','Take the puppers of The Place for Pets for a midday walk!','5.0','1.0','2021-05-25T18:00:00.000Z','Auto-created for Job Recurrence Schedule: JRS-00000.','','a0056000004bMNSAA2','a0356000003Krp9AAC');
INSERT INTO "Volunteer_Shift__c" VALUES('a055600000A06anAAB','Take the puppers of The Place for Pets for a midday walk!','5.0','1.0','2021-05-26T18:00:00.000Z','Auto-created for Job Recurrence Schedule: JRS-00000.','','a0056000004bMNSAA2','a0356000003Krp9AAC');
INSERT INTO "Volunteer_Shift__c" VALUES('a055600000A06aoAAB','Take the puppers of The Place for Pets for a midday walk!','5.0','1.0','2021-05-27T18:00:00.000Z','Auto-created for Job Recurrence Schedule: JRS-00000.','','a0056000004bMNSAA2','a0356000003Krp9AAC');
INSERT INTO "Volunteer_Shift__c" VALUES('a055600000A06apAAB','Take the puppers of The Place for Pets for a midday walk!','5.0','1.0','2021-05-28T18:00:00.000Z','Auto-created for Job Recurrence Schedule: JRS-00000.','','a0056000004bMNSAA2','a0356000003Krp9AAC');
INSERT INTO "Volunteer_Shift__c" VALUES('a055600000A06aqAAB','Take the puppers of The Place for Pets for a midday walk!','5.0','1.0','2021-05-31T18:00:00.000Z','Auto-created for Job Recurrence Schedule: JRS-00000.','','a0056000004bMNSAA2','a0356000003Krp9AAC');
INSERT INTO "Volunteer_Shift__c" VALUES('a055600000A06arAAB','Take the puppers of The Place for Pets for a midday walk!','5.0','1.0','2021-06-01T18:00:00.000Z','Auto-created for Job Recurrence Schedule: JRS-00000.','','a0056000004bMNSAA2','a0356000003Krp9AAC');
INSERT INTO "Volunteer_Shift__c" VALUES('a055600000A06asAAB','Take the puppers of The Place for Pets for a midday walk!','5.0','1.0','2021-06-02T18:00:00.000Z','Auto-created for Job Recurrence Schedule: JRS-00000.','','a0056000004bMNSAA2','a0356000003Krp9AAC');
INSERT INTO "Volunteer_Shift__c" VALUES('a055600000A06atAAB','Take the puppers of The Place for Pets for a midday walk!','5.0','1.0','2021-06-03T18:00:00.000Z','Auto-created for Job Recurrence Schedule: JRS-00000.','','a0056000004bMNSAA2','a0356000003Krp9AAC');
INSERT INTO "Volunteer_Shift__c" VALUES('a055600000A06auAAB','Take the puppers of The Place for Pets for a midday walk!','5.0','1.0','2021-06-04T18:00:00.000Z','Auto-created for Job Recurrence Schedule: JRS-00000.','','a0056000004bMNSAA2','a0356000003Krp9AAC');
INSERT INTO "Volunteer_Shift__c" VALUES('a055600000A06avAAB','Take the puppers of The Place for Pets for a midday walk!','5.0','1.0','2021-06-07T18:00:00.000Z','Auto-created for Job Recurrence Schedule: JRS-00000.','','a0056000004bMNSAA2','a0356000003Krp9AAC');
INSERT INTO "Volunteer_Shift__c" VALUES('a055600000A06awAAB','Take the puppers of The Place for Pets for a midday walk!','5.0','1.0','2021-06-08T18:00:00.000Z','Auto-created for Job Recurrence Schedule: JRS-00000.','','a0056000004bMNSAA2','a0356000003Krp9AAC');
INSERT INTO "Volunteer_Shift__c" VALUES('a055600000A06VyAAJ','Take the puppers of The Place for Pets for a midday walk!','5.0','1.0','2020-04-02T18:00:00.000Z','Auto-created for Job Recurrence Schedule: JRS-00000.','','a0056000004bMNSAA2','a0356000003Krp9AAC');
INSERT INTO "Volunteer_Shift__c" VALUES('a055600000A06VzAAJ','Take the puppers of The Place for Pets for a midday walk!','5.0','1.0','2020-04-03T18:00:00.000Z','Auto-created for Job Recurrence Schedule: JRS-00000.','','a0056000004bMNSAA2','a0356000003Krp9AAC');
INSERT INTO "Volunteer_Shift__c" VALUES('a055600000A06W0AAJ','Take the puppers of The Place for Pets for a midday walk!','5.0','1.0','2020-04-06T18:00:00.000Z','Auto-created for Job Recurrence Schedule: JRS-00000.','','a0056000004bMNSAA2','a0356000003Krp9AAC');
INSERT INTO "Volunteer_Shift__c" VALUES('a055600000A06W1AAJ','Take the puppers of The Place for Pets for a midday walk!','5.0','1.0','2020-04-07T18:00:00.000Z','Auto-created for Job Recurrence Schedule: JRS-00000.','','a0056000004bMNSAA2','a0356000003Krp9AAC');
INSERT INTO "Volunteer_Shift__c" VALUES('a055600000A06W2AAJ','Take the puppers of The Place for Pets for a midday walk!','5.0','1.0','2020-04-08T18:00:00.000Z','Auto-created for Job Recurrence Schedule: JRS-00000.','','a0056000004bMNSAA2','a0356000003Krp9AAC');
INSERT INTO "Volunteer_Shift__c" VALUES('a055600000A06W3AAJ','Take the puppers of The Place for Pets for a midday walk!','5.0','1.0','2020-04-09T18:00:00.000Z','Auto-created for Job Recurrence Schedule: JRS-00000.','','a0056000004bMNSAA2','a0356000003Krp9AAC');
INSERT INTO "Volunteer_Shift__c" VALUES('a055600000A06W4AAJ','Take the puppers of The Place for Pets for a midday walk!','5.0','1.0','2020-04-10T18:00:00.000Z','Auto-created for Job Recurrence Schedule: JRS-00000.','','a0056000004bMNSAA2','a0356000003Krp9AAC');
INSERT INTO "Volunteer_Shift__c" VALUES('a055600000A06W5AAJ','Take the puppers of The Place for Pets for a midday walk!','5.0','1.0','2020-04-13T18:00:00.000Z','Auto-created for Job Recurrence Schedule: JRS-00000.','','a0056000004bMNSAA2','a0356000003Krp9AAC');
INSERT INTO "Volunteer_Shift__c" VALUES('a055600000A06W6AAJ','Take the puppers of The Place for Pets for a midday walk!','5.0','1.0','2020-04-14T18:00:00.000Z','Auto-created for Job Recurrence Schedule: JRS-00000.','','a0056000004bMNSAA2','a0356000003Krp9AAC');
INSERT INTO "Volunteer_Shift__c" VALUES('a055600000A06W7AAJ','Take the puppers of The Place for Pets for a midday walk!','5.0','1.0','2020-04-15T18:00:00.000Z','Auto-created for Job Recurrence Schedule: JRS-00000.','','a0056000004bMNSAA2','a0356000003Krp9AAC');
INSERT INTO "Volunteer_Shift__c" VALUES('a055600000A06W8AAJ','Take the puppers of The Place for Pets for a midday walk!','5.0','1.0','2020-04-16T18:00:00.000Z','Auto-created for Job Recurrence Schedule: JRS-00000.','','a0056000004bMNSAA2','a0356000003Krp9AAC');
INSERT INTO "Volunteer_Shift__c" VALUES('a055600000A06W9AAJ','Take the puppers of The Place for Pets for a midday walk!','5.0','1.0','2020-04-17T18:00:00.000Z','Auto-created for Job Recurrence Schedule: JRS-00000.','','a0056000004bMNSAA2','a0356000003Krp9AAC');
INSERT INTO "Volunteer_Shift__c" VALUES('a055600000A06WAAAZ','Take the puppers of The Place for Pets for a midday walk!','5.0','1.0','2020-04-20T18:00:00.000Z','Auto-created for Job Recurrence Schedule: JRS-00000.','','a0056000004bMNSAA2','a0356000003Krp9AAC');
INSERT INTO "Volunteer_Shift__c" VALUES('a055600000A06WBAAZ','Take the puppers of The Place for Pets for a midday walk!','5.0','1.0','2020-04-21T18:00:00.000Z','Auto-created for Job Recurrence Schedule: JRS-00000.','','a0056000004bMNSAA2','a0356000003Krp9AAC');
INSERT INTO "Volunteer_Shift__c" VALUES('a055600000A06WCAAZ','Take the puppers of The Place for Pets for a midday walk!','5.0','1.0','2020-04-22T18:00:00.000Z','Auto-created for Job Recurrence Schedule: JRS-00000.','','a0056000004bMNSAA2','a0356000003Krp9AAC');
INSERT INTO "Volunteer_Shift__c" VALUES('a055600000A06WDAAZ','Take the puppers of The Place for Pets for a midday walk!','5.0','1.0','2020-04-23T18:00:00.000Z','Auto-created for Job Recurrence Schedule: JRS-00000.','','a0056000004bMNSAA2','a0356000003Krp9AAC');
INSERT INTO "Volunteer_Shift__c" VALUES('a055600000A06WEAAZ','Take the puppers of The Place for Pets for a midday walk!','5.0','1.0','2020-04-24T18:00:00.000Z','Auto-created for Job Recurrence Schedule: JRS-00000.','','a0056000004bMNSAA2','a0356000003Krp9AAC');
INSERT INTO "Volunteer_Shift__c" VALUES('a055600000A06WFAAZ','Take the puppers of The Place for Pets for a midday walk!','5.0','1.0','2020-04-27T18:00:00.000Z','Auto-created for Job Recurrence Schedule: JRS-00000.','','a0056000004bMNSAA2','a0356000003Krp9AAC');
INSERT INTO "Volunteer_Shift__c" VALUES('a055600000A06WGAAZ','Take the puppers of The Place for Pets for a midday walk!','5.0','1.0','2020-04-28T18:00:00.000Z','Auto-created for Job Recurrence Schedule: JRS-00000.','','a0056000004bMNSAA2','a0356000003Krp9AAC');
INSERT INTO "Volunteer_Shift__c" VALUES('a055600000A06WHAAZ','Take the puppers of The Place for Pets for a midday walk!','5.0','1.0','2020-04-29T18:00:00.000Z','Auto-created for Job Recurrence Schedule: JRS-00000.','','a0056000004bMNSAA2','a0356000003Krp9AAC');
INSERT INTO "Volunteer_Shift__c" VALUES('a055600000A06WIAAZ','Take the puppers of The Place for Pets for a midday walk!','5.0','1.0','2020-04-30T18:00:00.000Z','Auto-created for Job Recurrence Schedule: JRS-00000.','','a0056000004bMNSAA2','a0356000003Krp9AAC');
INSERT INTO "Volunteer_Shift__c" VALUES('a055600000A06WJAAZ','Take the puppers of The Place for Pets for a midday walk!','5.0','1.0','2020-05-01T18:00:00.000Z','Auto-created for Job Recurrence Schedule: JRS-00000.','','a0056000004bMNSAA2','a0356000003Krp9AAC');
INSERT INTO "Volunteer_Shift__c" VALUES('a055600000A06axAAB','Take the puppers of The Place for Pets for a midday walk!','5.0','1.0','2021-06-09T18:00:00.000Z','Auto-created for Job Recurrence Schedule: JRS-00000.','','a0056000004bMNSAA2','a0356000003Krp9AAC');
INSERT INTO "Volunteer_Shift__c" VALUES('a055600000A06ayAAB','Take the puppers of The Place for Pets for a midday walk!','5.0','1.0','2021-06-10T18:00:00.000Z','Auto-created for Job Recurrence Schedule: JRS-00000.','','a0056000004bMNSAA2','a0356000003Krp9AAC');
INSERT INTO "Volunteer_Shift__c" VALUES('a055600000A06azAAB','Take the puppers of The Place for Pets for a midday walk!','5.0','1.0','2021-06-11T18:00:00.000Z','Auto-created for Job Recurrence Schedule: JRS-00000.','','a0056000004bMNSAA2','a0356000003Krp9AAC');
INSERT INTO "Volunteer_Shift__c" VALUES('a055600000A06b0AAB','Take the puppers of The Place for Pets for a midday walk!','5.0','1.0','2021-06-14T18:00:00.000Z','Auto-created for Job Recurrence Schedule: JRS-00000.','','a0056000004bMNSAA2','a0356000003Krp9AAC');
INSERT INTO "Volunteer_Shift__c" VALUES('a055600000A06b1AAB','Take the puppers of The Place for Pets for a midday walk!','5.0','1.0','2021-06-15T18:00:00.000Z','Auto-created for Job Recurrence Schedule: JRS-00000.','','a0056000004bMNSAA2','a0356000003Krp9AAC');
INSERT INTO "Volunteer_Shift__c" VALUES('a055600000A06b2AAB','Take the puppers of The Place for Pets for a midday walk!','5.0','1.0','2021-06-16T18:00:00.000Z','Auto-created for Job Recurrence Schedule: JRS-00000.','','a0056000004bMNSAA2','a0356000003Krp9AAC');
INSERT INTO "Volunteer_Shift__c" VALUES('a055600000A06b3AAB','Take the puppers of The Place for Pets for a midday walk!','5.0','1.0','2021-06-17T18:00:00.000Z','Auto-created for Job Recurrence Schedule: JRS-00000.','','a0056000004bMNSAA2','a0356000003Krp9AAC');
INSERT INTO "Volunteer_Shift__c" VALUES('a055600000A06b4AAB','Take the puppers of The Place for Pets for a midday walk!','5.0','1.0','2021-06-18T18:00:00.000Z','Auto-created for Job Recurrence Schedule: JRS-00000.','','a0056000004bMNSAA2','a0356000003Krp9AAC');
INSERT INTO "Volunteer_Shift__c" VALUES('a055600000A06b5AAB','Take the puppers of The Place for Pets for a midday walk!','5.0','1.0','2021-06-21T18:00:00.000Z','Auto-created for Job Recurrence Schedule: JRS-00000.','','a0056000004bMNSAA2','a0356000003Krp9AAC');
INSERT INTO "Volunteer_Shift__c" VALUES('a055600000A06b6AAB','Take the puppers of The Place for Pets for a midday walk!','5.0','1.0','2021-06-22T18:00:00.000Z','Auto-created for Job Recurrence Schedule: JRS-00000.','','a0056000004bMNSAA2','a0356000003Krp9AAC');
INSERT INTO "Volunteer_Shift__c" VALUES('a055600000A06b7AAB','Take the puppers of The Place for Pets for a midday walk!','5.0','1.0','2021-06-23T18:00:00.000Z','Auto-created for Job Recurrence Schedule: JRS-00000.','','a0056000004bMNSAA2','a0356000003Krp9AAC');
INSERT INTO "Volunteer_Shift__c" VALUES('a055600000A06b8AAB','Take the puppers of The Place for Pets for a midday walk!','5.0','1.0','2021-06-24T18:00:00.000Z','Auto-created for Job Recurrence Schedule: JRS-00000.','','a0056000004bMNSAA2','a0356000003Krp9AAC');
INSERT INTO "Volunteer_Shift__c" VALUES('a055600000A06b9AAB','Take the puppers of The Place for Pets for a midday walk!','5.0','1.0','2021-06-25T18:00:00.000Z','Auto-created for Job Recurrence Schedule: JRS-00000.','','a0056000004bMNSAA2','a0356000003Krp9AAC');
INSERT INTO "Volunteer_Shift__c" VALUES('a055600000A06bAAAR','Take the puppers of The Place for Pets for a midday walk!','5.0','1.0','2021-06-28T18:00:00.000Z','Auto-created for Job Recurrence Schedule: JRS-00000.','','a0056000004bMNSAA2','a0356000003Krp9AAC');
INSERT INTO "Volunteer_Shift__c" VALUES('a055600000A06bBAAR','Take the puppers of The Place for Pets for a midday walk!','5.0','1.0','2021-06-29T18:00:00.000Z','Auto-created for Job Recurrence Schedule: JRS-00000.','','a0056000004bMNSAA2','a0356000003Krp9AAC');
INSERT INTO "Volunteer_Shift__c" VALUES('a055600000A06bCAAR','Take the puppers of The Place for Pets for a midday walk!','5.0','1.0','2021-06-30T18:00:00.000Z','Auto-created for Job Recurrence Schedule: JRS-00000.','','a0056000004bMNSAA2','a0356000003Krp9AAC');
INSERT INTO "Volunteer_Shift__c" VALUES('a055600000A06bDAAR','Take the puppers of The Place for Pets for a midday walk!','5.0','1.0','2021-07-01T18:00:00.000Z','Auto-created for Job Recurrence Schedule: JRS-00000.','','a0056000004bMNSAA2','a0356000003Krp9AAC');
INSERT INTO "Volunteer_Shift__c" VALUES('a055600000A06bEAAR','Take the puppers of The Place for Pets for a midday walk!','5.0','1.0','2021-07-02T18:00:00.000Z','Auto-created for Job Recurrence Schedule: JRS-00000.','','a0056000004bMNSAA2','a0356000003Krp9AAC');
INSERT INTO "Volunteer_Shift__c" VALUES('a055600000A06bFAAR','Take the puppers of The Place for Pets for a midday walk!','5.0','1.0','2021-07-05T18:00:00.000Z','Auto-created for Job Recurrence Schedule: JRS-00000.','','a0056000004bMNSAA2','a0356000003Krp9AAC');
INSERT INTO "Volunteer_Shift__c" VALUES('a055600000A06bGAAR','Take the puppers of The Place for Pets for a midday walk!','5.0','1.0','2021-07-06T18:00:00.000Z','Auto-created for Job Recurrence Schedule: JRS-00000.','','a0056000004bMNSAA2','a0356000003Krp9AAC');
INSERT INTO "Volunteer_Shift__c" VALUES('a055600000A06bHAAR','Take the puppers of The Place for Pets for a midday walk!','5.0','1.0','2021-07-07T18:00:00.000Z','Auto-created for Job Recurrence Schedule: JRS-00000.','','a0056000004bMNSAA2','a0356000003Krp9AAC');
INSERT INTO "Volunteer_Shift__c" VALUES('a055600000A06bIAAR','Take the puppers of The Place for Pets for a midday walk!','5.0','1.0','2021-07-08T18:00:00.000Z','Auto-created for Job Recurrence Schedule: JRS-00000.','','a0056000004bMNSAA2','a0356000003Krp9AAC');
INSERT INTO "Volunteer_Shift__c" VALUES('a055600000A06bJAAR','Take the puppers of The Place for Pets for a midday walk!','5.0','1.0','2021-07-09T18:00:00.000Z','Auto-created for Job Recurrence Schedule: JRS-00000.','','a0056000004bMNSAA2','a0356000003Krp9AAC');
INSERT INTO "Volunteer_Shift__c" VALUES('a055600000A06WKAAZ','Take the puppers of The Place for Pets for a midday walk!','5.0','1.0','2020-05-04T18:00:00.000Z','Auto-created for Job Recurrence Schedule: JRS-00000.','','a0056000004bMNSAA2','a0356000003Krp9AAC');
INSERT INTO "Volunteer_Shift__c" VALUES('a055600000A06WLAAZ','Take the puppers of The Place for Pets for a midday walk!','5.0','1.0','2020-05-05T18:00:00.000Z','Auto-created for Job Recurrence Schedule: JRS-00000.','','a0056000004bMNSAA2','a0356000003Krp9AAC');
INSERT INTO "Volunteer_Shift__c" VALUES('a055600000A06WMAAZ','Take the puppers of The Place for Pets for a midday walk!','5.0','1.0','2020-05-06T18:00:00.000Z','Auto-created for Job Recurrence Schedule: JRS-00000.','','a0056000004bMNSAA2','a0356000003Krp9AAC');
INSERT INTO "Volunteer_Shift__c" VALUES('a055600000A06WNAAZ','Take the puppers of The Place for Pets for a midday walk!','5.0','1.0','2020-05-07T18:00:00.000Z','Auto-created for Job Recurrence Schedule: JRS-00000.','','a0056000004bMNSAA2','a0356000003Krp9AAC');
INSERT INTO "Volunteer_Shift__c" VALUES('a055600000A06WOAAZ','Take the puppers of The Place for Pets for a midday walk!','5.0','1.0','2020-05-08T18:00:00.000Z','Auto-created for Job Recurrence Schedule: JRS-00000.','','a0056000004bMNSAA2','a0356000003Krp9AAC');
INSERT INTO "Volunteer_Shift__c" VALUES('a055600000A06WPAAZ','Take the puppers of The Place for Pets for a midday walk!','5.0','1.0','2020-05-11T18:00:00.000Z','Auto-created for Job Recurrence Schedule: JRS-00000.','','a0056000004bMNSAA2','a0356000003Krp9AAC');
INSERT INTO "Volunteer_Shift__c" VALUES('a055600000A06WQAAZ','Take the puppers of The Place for Pets for a midday walk!','5.0','1.0','2020-05-12T18:00:00.000Z','Auto-created for Job Recurrence Schedule: JRS-00000.','','a0056000004bMNSAA2','a0356000003Krp9AAC');
INSERT INTO "Volunteer_Shift__c" VALUES('a055600000A06WRAAZ','Take the puppers of The Place for Pets for a midday walk!','5.0','1.0','2020-05-13T18:00:00.000Z','Auto-created for Job Recurrence Schedule: JRS-00000.','','a0056000004bMNSAA2','a0356000003Krp9AAC');
INSERT INTO "Volunteer_Shift__c" VALUES('a055600000A06WSAAZ','Take the puppers of The Place for Pets for a midday walk!','5.0','1.0','2020-05-14T18:00:00.000Z','Auto-created for Job Recurrence Schedule: JRS-00000.','','a0056000004bMNSAA2','a0356000003Krp9AAC');
INSERT INTO "Volunteer_Shift__c" VALUES('a055600000A06WTAAZ','Take the puppers of The Place for Pets for a midday walk!','5.0','1.0','2020-05-15T18:00:00.000Z','Auto-created for Job Recurrence Schedule: JRS-00000.','','a0056000004bMNSAA2','a0356000003Krp9AAC');
INSERT INTO "Volunteer_Shift__c" VALUES('a055600000A06WUAAZ','Take the puppers of The Place for Pets for a midday walk!','5.0','1.0','2020-05-18T18:00:00.000Z','Auto-created for Job Recurrence Schedule: JRS-00000.','','a0056000004bMNSAA2','a0356000003Krp9AAC');
INSERT INTO "Volunteer_Shift__c" VALUES('a055600000A06WVAAZ','Take the puppers of The Place for Pets for a midday walk!','5.0','1.0','2020-05-19T18:00:00.000Z','Auto-created for Job Recurrence Schedule: JRS-00000.','','a0056000004bMNSAA2','a0356000003Krp9AAC');
INSERT INTO "Volunteer_Shift__c" VALUES('a055600000A06WWAAZ','Take the puppers of The Place for Pets for a midday walk!','5.0','1.0','2020-05-20T18:00:00.000Z','Auto-created for Job Recurrence Schedule: JRS-00000.','','a0056000004bMNSAA2','a0356000003Krp9AAC');
INSERT INTO "Volunteer_Shift__c" VALUES('a055600000A06WXAAZ','Take the puppers of The Place for Pets for a midday walk!','5.0','1.0','2020-05-21T18:00:00.000Z','Auto-created for Job Recurrence Schedule: JRS-00000.','','a0056000004bMNSAA2','a0356000003Krp9AAC');
INSERT INTO "Volunteer_Shift__c" VALUES('a055600000A06WYAAZ','Take the puppers of The Place for Pets for a midday walk!','5.0','1.0','2020-05-22T18:00:00.000Z','Auto-created for Job Recurrence Schedule: JRS-00000.','','a0056000004bMNSAA2','a0356000003Krp9AAC');
INSERT INTO "Volunteer_Shift__c" VALUES('a055600000A06WZAAZ','Take the puppers of The Place for Pets for a midday walk!','5.0','1.0','2020-05-25T18:00:00.000Z','Auto-created for Job Recurrence Schedule: JRS-00000.','','a0056000004bMNSAA2','a0356000003Krp9AAC');
INSERT INTO "Volunteer_Shift__c" VALUES('a055600000A06WaAAJ','Take the puppers of The Place for Pets for a midday walk!','5.0','1.0','2020-05-26T18:00:00.000Z','Auto-created for Job Recurrence Schedule: JRS-00000.','','a0056000004bMNSAA2','a0356000003Krp9AAC');
INSERT INTO "Volunteer_Shift__c" VALUES('a055600000A06WbAAJ','Take the puppers of The Place for Pets for a midday walk!','5.0','1.0','2020-05-27T18:00:00.000Z','Auto-created for Job Recurrence Schedule: JRS-00000.','','a0056000004bMNSAA2','a0356000003Krp9AAC');
INSERT INTO "Volunteer_Shift__c" VALUES('a055600000A06WcAAJ','Take the puppers of The Place for Pets for a midday walk!','5.0','1.0','2020-05-28T18:00:00.000Z','Auto-created for Job Recurrence Schedule: JRS-00000.','','a0056000004bMNSAA2','a0356000003Krp9AAC');
INSERT INTO "Volunteer_Shift__c" VALUES('a055600000A06WdAAJ','Take the puppers of The Place for Pets for a midday walk!','5.0','1.0','2020-05-29T18:00:00.000Z','Auto-created for Job Recurrence Schedule: JRS-00000.','','a0056000004bMNSAA2','a0356000003Krp9AAC');
INSERT INTO "Volunteer_Shift__c" VALUES('a055600000A06WeAAJ','Take the puppers of The Place for Pets for a midday walk!','5.0','1.0','2020-06-01T18:00:00.000Z','Auto-created for Job Recurrence Schedule: JRS-00000.','','a0056000004bMNSAA2','a0356000003Krp9AAC');
INSERT INTO "Volunteer_Shift__c" VALUES('a055600000A06WfAAJ','Take the puppers of The Place for Pets for a midday walk!','5.0','1.0','2020-06-02T18:00:00.000Z','Auto-created for Job Recurrence Schedule: JRS-00000.','','a0056000004bMNSAA2','a0356000003Krp9AAC');
INSERT INTO "Volunteer_Shift__c" VALUES('a055600000A06bKAAR','Take the puppers of The Place for Pets for a midday walk!','5.0','1.0','2021-07-12T18:00:00.000Z','Auto-created for Job Recurrence Schedule: JRS-00000.','','a0056000004bMNSAA2','a0356000003Krp9AAC');
INSERT INTO "Volunteer_Shift__c" VALUES('a055600000A06bLAAR','Take the puppers of The Place for Pets for a midday walk!','5.0','1.0','2021-07-13T18:00:00.000Z','Auto-created for Job Recurrence Schedule: JRS-00000.','','a0056000004bMNSAA2','a0356000003Krp9AAC');
INSERT INTO "Volunteer_Shift__c" VALUES('a055600000A06bMAAR','Take the puppers of The Place for Pets for a midday walk!','5.0','1.0','2021-07-14T18:00:00.000Z','Auto-created for Job Recurrence Schedule: JRS-00000.','','a0056000004bMNSAA2','a0356000003Krp9AAC');
INSERT INTO "Volunteer_Shift__c" VALUES('a055600000A06bNAAR','Take the puppers of The Place for Pets for a midday walk!','5.0','1.0','2021-07-15T18:00:00.000Z','Auto-created for Job Recurrence Schedule: JRS-00000.','','a0056000004bMNSAA2','a0356000003Krp9AAC');
INSERT INTO "Volunteer_Shift__c" VALUES('a055600000A06bOAAR','Take the puppers of The Place for Pets for a midday walk!','5.0','1.0','2021-07-16T18:00:00.000Z','Auto-created for Job Recurrence Schedule: JRS-00000.','','a0056000004bMNSAA2','a0356000003Krp9AAC');
INSERT INTO "Volunteer_Shift__c" VALUES('a055600000A06bPAAR','Take the puppers of The Place for Pets for a midday walk!','5.0','1.0','2021-07-19T18:00:00.000Z','Auto-created for Job Recurrence Schedule: JRS-00000.','','a0056000004bMNSAA2','a0356000003Krp9AAC');
INSERT INTO "Volunteer_Shift__c" VALUES('a055600000A06bQAAR','Take the puppers of The Place for Pets for a midday walk!','5.0','1.0','2021-07-20T18:00:00.000Z','Auto-created for Job Recurrence Schedule: JRS-00000.','','a0056000004bMNSAA2','a0356000003Krp9AAC');
INSERT INTO "Volunteer_Shift__c" VALUES('a055600000A06bRAAR','Take the puppers of The Place for Pets for a midday walk!','5.0','1.0','2021-07-21T18:00:00.000Z','Auto-created for Job Recurrence Schedule: JRS-00000.','','a0056000004bMNSAA2','a0356000003Krp9AAC');
INSERT INTO "Volunteer_Shift__c" VALUES('a055600000A06bSAAR','Take the puppers of The Place for Pets for a midday walk!','5.0','1.0','2021-07-22T18:00:00.000Z','Auto-created for Job Recurrence Schedule: JRS-00000.','','a0056000004bMNSAA2','a0356000003Krp9AAC');
INSERT INTO "Volunteer_Shift__c" VALUES('a055600000A06bTAAR','Take the puppers of The Place for Pets for a midday walk!','5.0','1.0','2021-07-23T18:00:00.000Z','Auto-created for Job Recurrence Schedule: JRS-00000.','','a0056000004bMNSAA2','a0356000003Krp9AAC');
INSERT INTO "Volunteer_Shift__c" VALUES('a055600000A06bUAAR','Take the puppers of The Place for Pets for a midday walk!','5.0','1.0','2021-07-26T18:00:00.000Z','Auto-created for Job Recurrence Schedule: JRS-00000.','','a0056000004bMNSAA2','a0356000003Krp9AAC');
INSERT INTO "Volunteer_Shift__c" VALUES('a055600000A06bVAAR','Take the puppers of The Place for Pets for a midday walk!','5.0','1.0','2021-07-27T18:00:00.000Z','Auto-created for Job Recurrence Schedule: JRS-00000.','','a0056000004bMNSAA2','a0356000003Krp9AAC');
INSERT INTO "Volunteer_Shift__c" VALUES('a055600000A06bWAAR','Take the puppers of The Place for Pets for a midday walk!','5.0','1.0','2021-07-28T18:00:00.000Z','Auto-created for Job Recurrence Schedule: JRS-00000.','','a0056000004bMNSAA2','a0356000003Krp9AAC');
INSERT INTO "Volunteer_Shift__c" VALUES('a055600000A06bXAAR','Take the puppers of The Place for Pets for a midday walk!','5.0','1.0','2021-07-29T18:00:00.000Z','Auto-created for Job Recurrence Schedule: JRS-00000.','','a0056000004bMNSAA2','a0356000003Krp9AAC');
INSERT INTO "Volunteer_Shift__c" VALUES('a055600000A06bYAAR','Take the puppers of The Place for Pets for a midday walk!','5.0','1.0','2021-07-30T18:00:00.000Z','Auto-created for Job Recurrence Schedule: JRS-00000.','','a0056000004bMNSAA2','a0356000003Krp9AAC');
INSERT INTO "Volunteer_Shift__c" VALUES('a055600000A06bZAAR','Keep the kennels of The Place for Pets clean and cozy for our adoptable dogs!','10.0','2.0','2020-01-04T15:00:00.000Z','Auto-created for Job Recurrence Schedule: JRS-00001.','','a0056000004bMNTAA2','a0356000003KrpAAAS');
INSERT INTO "Volunteer_Shift__c" VALUES('a055600000A06baAAB','Keep the kennels of The Place for Pets clean and cozy for our adoptable dogs!','10.0','2.0','2020-01-11T15:00:00.000Z','Auto-created for Job Recurrence Schedule: JRS-00001.','','a0056000004bMNTAA2','a0356000003KrpAAAS');
INSERT INTO "Volunteer_Shift__c" VALUES('a055600000A06bbAAB','Keep the kennels of The Place for Pets clean and cozy for our adoptable dogs!','10.0','2.0','2020-01-18T15:00:00.000Z','Auto-created for Job Recurrence Schedule: JRS-00001.','','a0056000004bMNTAA2','a0356000003KrpAAAS');
INSERT INTO "Volunteer_Shift__c" VALUES('a055600000A06bcAAB','Keep the kennels of The Place for Pets clean and cozy for our adoptable dogs!','10.0','2.0','2020-01-25T15:00:00.000Z','Auto-created for Job Recurrence Schedule: JRS-00001.','','a0056000004bMNTAA2','a0356000003KrpAAAS');
INSERT INTO "Volunteer_Shift__c" VALUES('a055600000A06bdAAB','Keep the kennels of The Place for Pets clean and cozy for our adoptable dogs!','10.0','2.0','2020-02-01T15:00:00.000Z','Auto-created for Job Recurrence Schedule: JRS-00001.','','a0056000004bMNTAA2','a0356000003KrpAAAS');
INSERT INTO "Volunteer_Shift__c" VALUES('a055600000A06beAAB','Keep the kennels of The Place for Pets clean and cozy for our adoptable dogs!','10.0','2.0','2020-02-08T15:00:00.000Z','Auto-created for Job Recurrence Schedule: JRS-00001.','','a0056000004bMNTAA2','a0356000003KrpAAAS');
INSERT INTO "Volunteer_Shift__c" VALUES('a055600000A06bfAAB','Keep the kennels of The Place for Pets clean and cozy for our adoptable dogs!','10.0','2.0','2020-02-15T15:00:00.000Z','Auto-created for Job Recurrence Schedule: JRS-00001.','','a0056000004bMNTAA2','a0356000003KrpAAAS');
INSERT INTO "Volunteer_Shift__c" VALUES('a055600000A06d9AAB','','4.0','1.0','2019-08-03T22:00:00.000Z','','','','a0356000003KrpEAAS');
INSERT INTO "Volunteer_Shift__c" VALUES('a055600000A06dAAAR','','4.0','1.0','2019-08-10T22:00:00.000Z','','','','a0356000003KrpEAAS');
INSERT INTO "Volunteer_Shift__c" VALUES('a055600000A06dBAAR','','4.0','1.0','2019-08-17T22:00:00.000Z','','','','a0356000003KrpEAAS');
INSERT INTO "Volunteer_Shift__c" VALUES('a055600000A06dCAAR','','30.0','5.0','2019-08-24T19:00:00.000Z','','2.0','','a0356000003KrpFAAS');
INSERT INTO "Volunteer_Shift__c" VALUES('a055600000A06dDAAR','','10.0','2.0','2019-08-24T17:00:00.000Z','','3.0','','a0356000003KrpGAAS');
INSERT INTO "Volunteer_Shift__c" VALUES('a055600000A06dEAAR','','12.0','2.0','2019-08-25T01:00:00.000Z','','','','a0356000003KrpIAAS');
INSERT INTO "Volunteer_Shift__c" VALUES('a055600000A06dFAAR','','5.0','2.0','2019-08-24T23:00:00.000Z','','','','a0356000003KrpHAAS');
INSERT INTO "Volunteer_Shift__c" VALUES('a055600000A06cuAAB','Help us get our puppies ready for their new forever homes with socialization, snuggles, and positive reinforcement.','3.0','1.0','2020-03-15T17:00:00.000Z','','','','a0356000003KrpBAAS');
INSERT INTO "Volunteer_Shift__c" VALUES('a055600000A06cvAAB','Help us get our puppies ready for their new forever homes with socialization, snuggles, and positive reinforcement.','3.0','1.0','2019-12-15T18:00:00.000Z','','','','a0356000003KrpBAAS');
INSERT INTO "Volunteer_Shift__c" VALUES('a055600000A06cwAAB','Help us get our puppies ready for their new forever homes with socialization, snuggles, and positive reinforcement.','3.0','1.0','2019-10-20T17:00:00.000Z','','','','a0356000003KrpBAAS');
INSERT INTO "Volunteer_Shift__c" VALUES('a055600000A06cxAAB','Help us get our puppies ready for their new forever homes with socialization, snuggles, and positive reinforcement.','3.0','1.0','2020-05-17T17:00:00.000Z','','','','a0356000003KrpBAAS');
INSERT INTO "Volunteer_Shift__c" VALUES('a055600000A06d2AAB','Help us get our puppies ready for their new forever homes with socialization, snuggles, and positive reinforcement.','3.0','1.0','2019-08-18T17:00:00.000Z','','','','a0356000003KrpBAAS');
INSERT INTO "Volunteer_Shift__c" VALUES('a055600000A06d3AAB','Help us get our puppies ready for their new forever homes with socialization, snuggles, and positive reinforcement.','3.0','1.0','2020-01-19T18:00:00.000Z','','','','a0356000003KrpBAAS');
INSERT INTO "Volunteer_Shift__c" VALUES('a055600000A06d4AAB','Help us get our puppies ready for their new forever homes with socialization, snuggles, and positive reinforcement.','3.0','1.0','2020-06-21T17:00:00.000Z','','','','a0356000003KrpBAAS');
INSERT INTO "Volunteer_Shift__c" VALUES('a055600000A06cyAAB','Help us get our puppies ready for their new forever homes with socialization, snuggles, and positive reinforcement.','3.0','1.0','2020-02-16T18:00:00.000Z','','','','a0356000003KrpBAAS');
INSERT INTO "Volunteer_Shift__c" VALUES('a055600000A06czAAB','Help us get our puppies ready for their new forever homes with socialization, snuggles, and positive reinforcement.','3.0','1.0','2020-04-19T17:00:00.000Z','','','','a0356000003KrpBAAS');
INSERT INTO "Volunteer_Shift__c" VALUES('a055600000A06d0AAB','Help us get our puppies ready for their new forever homes with socialization, snuggles, and positive reinforcement.','3.0','1.0','2019-09-15T17:00:00.000Z','','','','a0356000003KrpBAAS');
INSERT INTO "Volunteer_Shift__c" VALUES('a055600000A06d1AAB','Help us get our puppies ready for their new forever homes with socialization, snuggles, and positive reinforcement.','3.0','1.0','2019-11-17T18:00:00.000Z','','','','a0356000003KrpBAAS');
INSERT INTO "Volunteer_Shift__c" VALUES('a055600000A06d5AAB','Help us get our puppies ready for their new forever homes with socialization, snuggles, and positive reinforcement.','3.0','1.0','2020-07-19T17:00:00.000Z','','','','a0356000003KrpBAAS');
INSERT INTO "Volunteer_Shift__c" VALUES('a055600000A06d6AAB','Help us get our puppies ready for their new forever homes with socialization, snuggles, and positive reinforcement.','3.0','1.0','2019-07-21T17:00:00.000Z','','','','a0356000003KrpBAAS');
INSERT INTO "Volunteer_Shift__c" VALUES('a055600000A06d7AAB','','4.0','1.0','2019-07-27T22:00:00.000Z','','','','a0356000003KrpEAAS');
INSERT INTO "Volunteer_Shift__c" VALUES('a055600000A06d8AAB','','4.0','1.0','2019-07-20T22:00:00.000Z','','','','a0356000003KrpEAAS');
COMMIT;
